-- phpMyAdmin SQL Dump
-- version 5.2.0
-- https://www.phpmyadmin.net/
--
-- Host: 127.0.0.1:3306
-- Generation Time: Apr 08, 2024 at 02:02 PM
-- Server version: 8.0.30
-- PHP Version: 8.2.4

SET SQL_MODE = "NO_AUTO_VALUE_ON_ZERO";
START TRANSACTION;


/*!40101 SET @OLD_CHARACTER_SET_CLIENT=@@CHARACTER_SET_CLIENT */;
/*!40101 SET @OLD_CHARACTER_SET_RESULTS=@@CHARACTER_SET_RESULTS */;
/*!40101 SET @OLD_COLLATION_CONNECTION=@@COLLATION_CONNECTION */;
/*!40101 SET NAMES utf8mb4 */;

--
-- Database: `ScheduleControlTest`
--
CREATE DATABASE IF NOT EXISTS `ScheduleControlTest` DEFAULT CHARACTER SET utf8mb4 COLLATE utf8mb4_0900_ai_ci;
USE `ScheduleControlTest`;

-- --------------------------------------------------------

--
-- Table structure for table `Activities`
--

DROP TABLE IF EXISTS `Activities`;
CREATE TABLE `Activities` (
  `ID` int NOT NULL,
  `ChangeDate` datetime NOT NULL DEFAULT '2000-01-01 00:00:00',
  `Name` varchar(80) CHARACTER SET utf8mb4 COLLATE utf8mb4_0900_ai_ci DEFAULT '',
  `Abbreviation` varchar(30) CHARACTER SET utf8mb4 COLLATE utf8mb4_0900_ai_ci DEFAULT '',
  `Designation` varchar(5) CHARACTER SET utf8mb4 COLLATE utf8mb4_0900_ai_ci DEFAULT '',
  `NoSchedule` tinyint(1) DEFAULT '0'
) ENGINE=InnoDB DEFAULT CHARSET=utf8mb4 COLLATE=utf8mb4_0900_ai_ci;

--
-- Dumping data for table `Activities`
--

INSERT INTO `Activities` (`ID`, `ChangeDate`, `Name`, `Abbreviation`, `Designation`, `NoSchedule`) VALUES
(1, '2024-04-04 20:05:02', 'Защита дипломного проекта', 'Защита ДП', 'З', 1),
(2, '2024-04-04 20:05:02', 'Дипломное проектирование', 'Диплом', 'Д', 1),
(3, '2024-04-04 20:05:02', 'Преддипломная практика', 'Практика П', 'П', 1),
(4, '2024-04-04 20:05:02', 'Технологическая практика', 'Практика Т', 'Т', 1),
(5, '2024-04-04 20:05:02', 'Каникулы', 'Каникулы', '=', 1),
(6, '2024-04-04 20:05:02', 'Сессия', 'Сессия', 'Э', 1),
(7, '2024-04-04 20:05:02', 'Теоретическое обучение', 'Обучение', 'О', 0);

-- --------------------------------------------------------

--
-- Table structure for table `ActivitySubjects`
--

DROP TABLE IF EXISTS `ActivitySubjects`;
CREATE TABLE `ActivitySubjects` (
  `Subject` int NOT NULL DEFAULT '0',
  `ChangeDate` datetime NOT NULL DEFAULT '2000-01-01 00:00:00',
  `Activity` int DEFAULT '0'
) ENGINE=InnoDB DEFAULT CHARSET=utf8mb4 COLLATE=utf8mb4_0900_ai_ci;

--
-- Dumping data for table `ActivitySubjects`
--

INSERT INTO `ActivitySubjects` (`Subject`, `ChangeDate`, `Activity`) VALUES
(1, '2024-04-04 20:23:37', 3),
(2, '2024-04-04 20:23:37', 4);

-- --------------------------------------------------------

--
-- Table structure for table `Areas`
--

DROP TABLE IF EXISTS `Areas`;
CREATE TABLE `Areas` (
  `ID` int NOT NULL,
  `ChangeDate` datetime NOT NULL DEFAULT '2000-01-01 00:00:00',
  `Name` varchar(60) CHARACTER SET utf8mb4 COLLATE utf8mb4_0900_ai_ci DEFAULT ''
) ENGINE=InnoDB DEFAULT CHARSET=utf8mb4 COLLATE=utf8mb4_0900_ai_ci;

--
-- Dumping data for table `Areas`
--

INSERT INTO `Areas` (`ID`, `ChangeDate`, `Name`) VALUES
(1, '2000-01-01 00:00:00', 'test'),
(1, '2000-01-02 10:10:51', 'test2'),
(1, '2024-04-04 20:16:47', NULL),
(2, '2000-01-01 00:00:00', 'Test2'),
(2, '2000-01-02 10:24:45', 'Test3'),
(2, '2024-04-04 20:16:47', NULL),
(4, '2024-04-04 20:17:06', 'Основная');

-- --------------------------------------------------------

--
-- Table structure for table `AttachedRooms`
--

DROP TABLE IF EXISTS `AttachedRooms`;
CREATE TABLE `AttachedRooms` (
  `Room` int NOT NULL DEFAULT '0',
  `ChangeDate` datetime NOT NULL DEFAULT '2000-01-01 00:00:00',
  `Lecturer` int DEFAULT '0'
) ENGINE=InnoDB DEFAULT CHARSET=utf8mb4 COLLATE=utf8mb4_0900_ai_ci;

-- --------------------------------------------------------

--
-- Table structure for table `BellsSchedules`
--

DROP TABLE IF EXISTS `BellsSchedules`;
CREATE TABLE `BellsSchedules` (
  `ID` int NOT NULL,
  `ChangeDate` datetime NOT NULL DEFAULT '2000-01-01 00:00:00',
  `Name` varchar(20) CHARACTER SET utf8mb4 COLLATE utf8mb4_0900_ai_ci DEFAULT ''
) ENGINE=InnoDB DEFAULT CHARSET=utf8mb4 COLLATE=utf8mb4_0900_ai_ci;

--
-- Dumping data for table `BellsSchedules`
--

INSERT INTO `BellsSchedules` (`ID`, `ChangeDate`, `Name`) VALUES
(1, '2024-04-04 20:11:39', 'Основное');

-- --------------------------------------------------------

--
-- Table structure for table `BellsScheduleTimes`
--

DROP TABLE IF EXISTS `BellsScheduleTimes`;
CREATE TABLE `BellsScheduleTimes` (
  `Schedule` int NOT NULL DEFAULT '0',
  `Hour` int NOT NULL DEFAULT '0',
  `ChangeDate` datetime NOT NULL DEFAULT '2000-01-01 00:00:00',
  `StartTime` time DEFAULT '00:00:00',
  `EndTime` time DEFAULT '00:00:00'
) ;

--
-- Dumping data for table `BellsScheduleTimes`
--

INSERT INTO `BellsScheduleTimes` (`Schedule`, `Hour`, `ChangeDate`, `StartTime`, `EndTime`) VALUES
(1, 0, '2024-04-04 20:16:25', '08:00:00', '08:45:00'),
(1, 1, '2024-04-04 20:16:25', '09:00:00', '09:45:00'),
(1, 2, '2024-04-04 20:16:25', '09:55:00', '10:40:00'),
(1, 3, '2024-04-04 20:16:25', '10:50:00', '11:35:00'),
(1, 4, '2024-04-04 20:16:25', '11:45:00', '12:30:00'),
(1, 5, '2024-04-04 20:16:25', '13:15:00', '14:00:00'),
(1, 6, '2024-04-04 20:16:25', '14:10:00', '14:55:00'),
(1, 7, '2024-04-04 20:16:25', '15:05:00', '15:50:00'),
(1, 8, '2024-04-04 20:16:25', '16:00:00', '16:45:00'),
(1, 9, '2024-04-04 20:16:25', '17:05:00', '17:50:00'),
(1, 10, '2024-04-04 20:16:25', '18:00:00', '18:45:00'),
(1, 11, '2024-04-04 20:16:25', '18:55:00', '19:40:00'),
(1, 12, '2024-04-04 20:16:25', '19:50:00', '20:40:00');

-- --------------------------------------------------------

--
-- Table structure for table `Config`
--

DROP TABLE IF EXISTS `Config`;
CREATE TABLE `Config` (
  `Parameter` varchar(40) CHARACTER SET utf8mb4 COLLATE utf8mb4_0900_ai_ci NOT NULL DEFAULT '',
  `ChangeDate` datetime NOT NULL DEFAULT '2000-01-01 00:00:00',
  `ParameterName` varchar(150) CHARACTER SET utf8mb4 COLLATE utf8mb4_0900_ai_ci DEFAULT '',
  `Value` varchar(100) CHARACTER SET utf8mb4 COLLATE utf8mb4_0900_ai_ci DEFAULT ''
) ENGINE=InnoDB DEFAULT CHARSET=utf8mb4 COLLATE=utf8mb4_0900_ai_ci;

--
-- Dumping data for table `Config`
--

INSERT INTO `Config` (`Parameter`, `ChangeDate`, `ParameterName`, `Value`) VALUES
('HoursCDPerStudent', '2023-12-11 19:26:51', 'Количество часов на одного студента для защиты КП', '0.75'),
('HoursEPerStudent', '2023-12-11 19:26:51', 'Количество часов на одного студента для экзамена', '0.25'),
('ScheduleEndDefaultHour', '2023-12-11 19:26:51', 'Номер последнего часа последней допустимой пары в день', '8'),
('ScheduleExportGroupsPerRow', '2023-12-11 19:26:51', 'Количество групп на одну строку в таблице расписания для экспорта', '5'),
('ScheduleExportMinPairs', '2023-12-11 19:26:51', 'Минимальное количество пар в таблице расписания для экспорта', '5'),
('ScheduleStartDefaultHour', '2023-12-11 19:26:51', 'Номер первого часа первой основной пары', '1'),
('ScheduleStartReserveHour', '2023-12-11 19:26:51', 'Номер первого часа первой резервной пары (перед основными)', '0'),
('UseAdditionalLecturersLPFraction', '2023-12-11 19:26:51', 'Процент (от 0 до 1) часов ЛПЗ от общего кол-ва, превышение которого добавляет вторичных преподавателей в расписание', '0.75');

-- --------------------------------------------------------

--
-- Table structure for table `CurriculumActivities`
--

DROP TABLE IF EXISTS `CurriculumActivities`;
CREATE TABLE `CurriculumActivities` (
  `ID` int NOT NULL,
  `ChangeDate` datetime NOT NULL DEFAULT '2000-01-01 00:00:00',
  `Curriculum` int DEFAULT '0',
  `Activity` int DEFAULT '0',
  `Course` int DEFAULT '0',
  `Semester` int DEFAULT '0',
  `Week` decimal(6,3) DEFAULT '0.000',
  `Length` decimal(6,3) DEFAULT '0.000'
) ;

--
-- Dumping data for table `CurriculumActivities`
--

INSERT INTO `CurriculumActivities` (`ID`, `ChangeDate`, `Curriculum`, `Activity`, `Course`, `Semester`, `Week`, `Length`) VALUES
(1, '2024-04-04 20:51:23', 1, 7, 1, 1, '0.000', '15.000'),
(1, '2024-04-04 20:54:26', NULL, NULL, NULL, NULL, NULL, NULL),
(2, '2024-04-04 20:51:23', 1, 6, 1, 1, '15.000', '1.000'),
(2, '2024-04-04 20:54:26', NULL, NULL, NULL, NULL, NULL, NULL),
(3, '2024-04-04 20:51:23', 1, 5, 1, 1, '16.000', '2.000'),
(3, '2024-04-04 20:54:26', NULL, NULL, NULL, NULL, NULL, NULL),
(4, '2024-04-04 20:51:23', 1, 7, 1, 2, '18.000', '4.000'),
(4, '2024-04-04 20:54:26', NULL, NULL, NULL, NULL, NULL, NULL),
(5, '2024-04-04 20:51:23', 1, 4, 1, 2, '22.000', '4.000'),
(5, '2024-04-04 20:54:26', NULL, NULL, NULL, NULL, NULL, NULL),
(6, '2024-04-04 20:51:23', 1, 7, 1, 2, '26.000', '1.000'),
(6, '2024-04-04 20:54:26', NULL, NULL, NULL, NULL, NULL, NULL),
(7, '2024-04-04 20:51:23', 1, 3, 1, 2, '27.000', '4.000'),
(7, '2024-04-04 20:54:26', NULL, NULL, NULL, NULL, NULL, NULL),
(8, '2024-04-04 20:51:23', 1, 2, 1, 2, '31.000', '8.000'),
(8, '2024-04-04 20:54:26', NULL, NULL, NULL, NULL, NULL, NULL),
(9, '2024-04-04 20:51:23', 1, 1, 1, 2, '39.000', '1.000'),
(9, '2024-04-04 20:54:26', NULL, NULL, NULL, NULL, NULL, NULL),
(10, '2024-04-04 20:54:26', 1, 7, 1, 1, '0.000', '15.000'),
(10, '2024-04-04 20:56:58', NULL, NULL, NULL, NULL, NULL, NULL),
(11, '2024-04-04 20:54:26', 1, 6, 1, 1, '15.000', '1.000'),
(11, '2024-04-04 20:56:58', NULL, NULL, NULL, NULL, NULL, NULL),
(12, '2024-04-04 20:54:26', 1, 5, 1, 1, '16.000', '2.000'),
(12, '2024-04-04 20:56:58', NULL, NULL, NULL, NULL, NULL, NULL),
(13, '2024-04-04 20:54:26', 1, 7, 1, 2, '18.000', '4.000'),
(13, '2024-04-04 20:56:58', NULL, NULL, NULL, NULL, NULL, NULL),
(14, '2024-04-04 20:54:26', 1, 4, 1, 2, '22.000', '4.000'),
(14, '2024-04-04 20:56:58', NULL, NULL, NULL, NULL, NULL, NULL),
(15, '2024-04-04 20:54:26', 1, 7, 1, 2, '26.000', '1.000'),
(15, '2024-04-04 20:56:58', NULL, NULL, NULL, NULL, NULL, NULL),
(16, '2024-04-04 20:54:26', 1, 3, 1, 2, '27.000', '4.000'),
(16, '2024-04-04 20:56:58', NULL, NULL, NULL, NULL, NULL, NULL),
(17, '2024-04-04 20:54:26', 1, 2, 1, 2, '31.000', '8.000'),
(17, '2024-04-04 20:56:58', NULL, NULL, NULL, NULL, NULL, NULL),
(18, '2024-04-04 20:54:26', 1, 1, 1, 2, '39.000', '1.000'),
(18, '2024-04-04 20:56:58', NULL, NULL, NULL, NULL, NULL, NULL),
(19, '2024-04-04 20:56:58', 1, 7, 1, 1, '0.000', '15.000'),
(19, '2024-04-05 09:46:33', NULL, NULL, NULL, NULL, NULL, NULL),
(20, '2024-04-04 20:56:58', 1, 6, 1, 1, '15.000', '1.000'),
(20, '2024-04-05 09:46:33', NULL, NULL, NULL, NULL, NULL, NULL),
(21, '2024-04-04 20:56:58', 1, 5, 1, 1, '16.000', '2.000'),
(21, '2024-04-05 09:46:33', NULL, NULL, NULL, NULL, NULL, NULL),
(22, '2024-04-04 20:56:58', 1, 4, 1, 2, '18.000', '4.000'),
(22, '2024-04-05 09:46:33', NULL, NULL, NULL, NULL, NULL, NULL),
(23, '2024-04-04 20:56:58', 1, 7, 1, 2, '22.000', '5.000'),
(23, '2024-04-05 09:46:33', NULL, NULL, NULL, NULL, NULL, NULL),
(24, '2024-04-04 20:56:58', 1, 3, 1, 2, '27.000', '4.000'),
(24, '2024-04-05 09:46:33', NULL, NULL, NULL, NULL, NULL, NULL),
(25, '2024-04-04 20:56:58', 1, 2, 1, 2, '31.000', '8.000'),
(25, '2024-04-05 09:46:33', NULL, NULL, NULL, NULL, NULL, NULL),
(26, '2024-04-04 20:56:58', 1, 1, 1, 2, '39.000', '1.000'),
(26, '2024-04-05 09:46:33', NULL, NULL, NULL, NULL, NULL, NULL),
(27, '2024-04-05 09:46:33', 1, 7, 1, 1, '0.000', '15.000'),
(27, '2024-04-05 09:50:34', NULL, NULL, NULL, NULL, NULL, NULL),
(28, '2024-04-05 09:46:33', 1, 6, 1, 1, '15.000', '1.000'),
(28, '2024-04-05 09:50:34', NULL, NULL, NULL, NULL, NULL, NULL),
(29, '2024-04-05 09:46:33', 1, 5, 1, 1, '16.000', '2.000'),
(29, '2024-04-05 09:50:34', NULL, NULL, NULL, NULL, NULL, NULL),
(30, '2024-04-05 09:46:33', 1, 4, 1, 2, '18.000', '4.000'),
(30, '2024-04-05 09:50:34', NULL, NULL, NULL, NULL, NULL, NULL),
(31, '2024-04-05 09:46:33', 1, 7, 1, 2, '22.000', '5.000'),
(31, '2024-04-05 09:50:34', NULL, NULL, NULL, NULL, NULL, NULL),
(32, '2024-04-05 09:46:33', 1, 3, 1, 2, '27.000', '4.000'),
(32, '2024-04-05 09:50:34', NULL, NULL, NULL, NULL, NULL, NULL),
(33, '2024-04-05 09:46:33', 1, 2, 1, 2, '31.000', '8.000'),
(33, '2024-04-05 09:50:34', NULL, NULL, NULL, NULL, NULL, NULL),
(34, '2024-04-05 09:46:33', 1, 1, 1, 2, '39.000', '1.000'),
(34, '2024-04-05 09:50:34', NULL, NULL, NULL, NULL, NULL, NULL),
(35, '2024-04-05 09:50:34', 1, 7, 1, 1, '0.000', '15.000'),
(35, '2024-04-05 09:51:33', NULL, NULL, NULL, NULL, NULL, NULL),
(36, '2024-04-05 09:50:34', 1, 6, 1, 1, '15.000', '1.000'),
(36, '2024-04-05 09:51:33', NULL, NULL, NULL, NULL, NULL, NULL),
(37, '2024-04-05 09:50:34', 1, 5, 1, 1, '16.000', '2.000'),
(37, '2024-04-05 09:51:33', NULL, NULL, NULL, NULL, NULL, NULL),
(38, '2024-04-05 09:50:34', 1, 4, 1, 2, '18.000', '4.000'),
(38, '2024-04-05 09:51:33', NULL, NULL, NULL, NULL, NULL, NULL),
(39, '2024-04-05 09:50:34', 1, 7, 1, 2, '22.000', '5.000'),
(39, '2024-04-05 09:51:33', NULL, NULL, NULL, NULL, NULL, NULL),
(40, '2024-04-05 09:50:34', 1, 3, 1, 2, '27.000', '4.000'),
(40, '2024-04-05 09:51:33', NULL, NULL, NULL, NULL, NULL, NULL),
(41, '2024-04-05 09:50:34', 1, 2, 1, 2, '31.000', '8.000'),
(41, '2024-04-05 09:51:33', NULL, NULL, NULL, NULL, NULL, NULL),
(42, '2024-04-05 09:50:34', 1, 1, 1, 2, '39.000', '1.000'),
(42, '2024-04-05 09:51:33', NULL, NULL, NULL, NULL, NULL, NULL),
(43, '2024-04-05 09:51:33', 1, 7, 1, 1, '0.000', '15.000'),
(43, '2024-04-05 09:52:33', NULL, NULL, NULL, NULL, NULL, NULL),
(44, '2024-04-05 09:51:33', 1, 6, 1, 1, '15.000', '1.000'),
(44, '2024-04-05 09:52:33', NULL, NULL, NULL, NULL, NULL, NULL),
(45, '2024-04-05 09:51:33', 1, 5, 1, 1, '16.000', '2.000'),
(45, '2024-04-05 09:52:33', NULL, NULL, NULL, NULL, NULL, NULL),
(46, '2024-04-05 09:51:33', 1, 4, 1, 2, '18.000', '4.000'),
(46, '2024-04-05 09:52:33', NULL, NULL, NULL, NULL, NULL, NULL),
(47, '2024-04-05 09:51:33', 1, 7, 1, 2, '22.000', '5.000'),
(47, '2024-04-05 09:52:33', NULL, NULL, NULL, NULL, NULL, NULL),
(48, '2024-04-05 09:51:33', 1, 3, 1, 2, '27.000', '4.000'),
(48, '2024-04-05 09:52:33', NULL, NULL, NULL, NULL, NULL, NULL),
(49, '2024-04-05 09:51:33', 1, 2, 1, 2, '31.000', '8.000'),
(49, '2024-04-05 09:52:33', NULL, NULL, NULL, NULL, NULL, NULL),
(50, '2024-04-05 09:51:33', 1, 1, 1, 2, '39.000', '1.000'),
(50, '2024-04-05 09:52:33', NULL, NULL, NULL, NULL, NULL, NULL),
(51, '2024-04-05 09:52:33', 1, 7, 1, 1, '0.000', '15.000'),
(51, '2024-04-05 09:53:33', NULL, NULL, NULL, NULL, NULL, NULL),
(52, '2024-04-05 09:52:33', 1, 6, 1, 1, '15.000', '1.000'),
(52, '2024-04-05 09:53:33', NULL, NULL, NULL, NULL, NULL, NULL),
(53, '2024-04-05 09:52:33', 1, 5, 1, 1, '16.000', '2.000'),
(53, '2024-04-05 09:53:33', NULL, NULL, NULL, NULL, NULL, NULL),
(54, '2024-04-05 09:52:33', 1, 4, 1, 2, '18.000', '4.000'),
(54, '2024-04-05 09:53:33', NULL, NULL, NULL, NULL, NULL, NULL),
(55, '2024-04-05 09:52:33', 1, 7, 1, 2, '22.000', '5.000'),
(55, '2024-04-05 09:53:33', NULL, NULL, NULL, NULL, NULL, NULL),
(56, '2024-04-05 09:52:33', 1, 3, 1, 2, '27.000', '4.000'),
(56, '2024-04-05 09:53:33', NULL, NULL, NULL, NULL, NULL, NULL),
(57, '2024-04-05 09:52:33', 1, 2, 1, 2, '31.000', '8.000'),
(57, '2024-04-05 09:53:33', NULL, NULL, NULL, NULL, NULL, NULL),
(58, '2024-04-05 09:52:33', 1, 1, 1, 2, '39.000', '1.000'),
(58, '2024-04-05 09:53:33', NULL, NULL, NULL, NULL, NULL, NULL),
(59, '2024-04-05 09:53:33', 1, 7, 1, 1, '0.000', '15.000'),
(59, '2024-04-05 09:54:33', NULL, NULL, NULL, NULL, NULL, NULL),
(60, '2024-04-05 09:53:33', 1, 6, 1, 1, '15.000', '1.000'),
(60, '2024-04-05 09:54:33', NULL, NULL, NULL, NULL, NULL, NULL),
(61, '2024-04-05 09:53:33', 1, 5, 1, 1, '16.000', '2.000'),
(61, '2024-04-05 09:54:33', NULL, NULL, NULL, NULL, NULL, NULL),
(62, '2024-04-05 09:53:33', 1, 4, 1, 2, '18.000', '4.000'),
(62, '2024-04-05 09:54:33', NULL, NULL, NULL, NULL, NULL, NULL),
(63, '2024-04-05 09:53:33', 1, 7, 1, 2, '22.000', '5.000'),
(63, '2024-04-05 09:54:33', NULL, NULL, NULL, NULL, NULL, NULL),
(64, '2024-04-05 09:53:33', 1, 3, 1, 2, '27.000', '4.000'),
(64, '2024-04-05 09:54:33', NULL, NULL, NULL, NULL, NULL, NULL),
(65, '2024-04-05 09:53:33', 1, 2, 1, 2, '31.000', '8.000'),
(65, '2024-04-05 09:54:33', NULL, NULL, NULL, NULL, NULL, NULL),
(66, '2024-04-05 09:53:33', 1, 1, 1, 2, '39.000', '1.000'),
(66, '2024-04-05 09:54:33', NULL, NULL, NULL, NULL, NULL, NULL),
(67, '2024-04-05 09:54:33', 1, 7, 1, 1, '0.000', '15.000'),
(67, '2024-04-05 09:54:35', NULL, NULL, NULL, NULL, NULL, NULL),
(68, '2024-04-05 09:54:33', 1, 6, 1, 1, '15.000', '1.000'),
(68, '2024-04-05 09:54:35', NULL, NULL, NULL, NULL, NULL, NULL),
(69, '2024-04-05 09:54:33', 1, 5, 1, 1, '16.000', '2.000'),
(69, '2024-04-05 09:54:35', NULL, NULL, NULL, NULL, NULL, NULL),
(70, '2024-04-05 09:54:33', 1, 4, 1, 2, '18.000', '4.000'),
(70, '2024-04-05 09:54:35', NULL, NULL, NULL, NULL, NULL, NULL),
(71, '2024-04-05 09:54:33', 1, 7, 1, 2, '22.000', '5.000'),
(71, '2024-04-05 09:54:35', NULL, NULL, NULL, NULL, NULL, NULL),
(72, '2024-04-05 09:54:33', 1, 3, 1, 2, '27.000', '4.000'),
(72, '2024-04-05 09:54:35', NULL, NULL, NULL, NULL, NULL, NULL),
(73, '2024-04-05 09:54:33', 1, 2, 1, 2, '31.000', '8.000'),
(73, '2024-04-05 09:54:35', NULL, NULL, NULL, NULL, NULL, NULL),
(74, '2024-04-05 09:54:33', 1, 1, 1, 2, '39.000', '1.000'),
(74, '2024-04-05 09:54:35', NULL, NULL, NULL, NULL, NULL, NULL),
(75, '2024-04-05 09:54:35', 1, 7, 1, 1, '0.000', '15.000'),
(75, '2024-04-05 09:56:16', NULL, NULL, NULL, NULL, NULL, NULL),
(76, '2024-04-05 09:54:35', 1, 6, 1, 1, '15.000', '1.000'),
(76, '2024-04-05 09:56:16', NULL, NULL, NULL, NULL, NULL, NULL),
(77, '2024-04-05 09:54:35', 1, 5, 1, 1, '16.000', '2.000'),
(77, '2024-04-05 09:56:16', NULL, NULL, NULL, NULL, NULL, NULL),
(78, '2024-04-05 09:54:35', 1, 4, 1, 2, '18.000', '4.000'),
(78, '2024-04-05 09:56:16', NULL, NULL, NULL, NULL, NULL, NULL),
(79, '2024-04-05 09:54:35', 1, 7, 1, 2, '22.000', '5.000'),
(79, '2024-04-05 09:56:16', NULL, NULL, NULL, NULL, NULL, NULL),
(80, '2024-04-05 09:54:35', 1, 3, 1, 2, '27.000', '4.000'),
(80, '2024-04-05 09:56:16', NULL, NULL, NULL, NULL, NULL, NULL),
(81, '2024-04-05 09:54:35', 1, 2, 1, 2, '31.000', '8.000'),
(81, '2024-04-05 09:56:16', NULL, NULL, NULL, NULL, NULL, NULL),
(82, '2024-04-05 09:54:35', 1, 1, 1, 2, '39.000', '1.000'),
(82, '2024-04-05 09:56:16', NULL, NULL, NULL, NULL, NULL, NULL),
(83, '2024-04-05 09:56:16', 1, 7, 1, 1, '0.000', '15.000'),
(84, '2024-04-05 09:56:16', 1, 6, 1, 1, '15.000', '1.000'),
(85, '2024-04-05 09:56:16', 1, 5, 1, 1, '16.000', '2.000'),
(86, '2024-04-05 09:56:16', 1, 4, 1, 2, '18.000', '4.000'),
(87, '2024-04-05 09:56:16', 1, 7, 1, 2, '22.000', '5.000'),
(88, '2024-04-05 09:56:16', 1, 3, 1, 2, '27.000', '4.000'),
(89, '2024-04-05 09:56:16', 1, 2, 1, 2, '31.000', '8.000'),
(90, '2024-04-05 09:56:16', 1, 1, 1, 2, '39.000', '1.000');

-- --------------------------------------------------------

--
-- Table structure for table `Curriculums`
--

DROP TABLE IF EXISTS `Curriculums`;
CREATE TABLE `Curriculums` (
  `ID` int NOT NULL,
  `ChangeDate` datetime NOT NULL DEFAULT '2000-01-01 00:00:00',
  `Name` varchar(60) CHARACTER SET utf8mb4 COLLATE utf8mb4_0900_ai_ci DEFAULT '',
  `Year` int DEFAULT '0',
  `Qualification` int DEFAULT '0',
  `EducationLevel` int DEFAULT '0',
  `Course2` tinyint(1) DEFAULT '0'
) ;

--
-- Dumping data for table `Curriculums`
--

INSERT INTO `Curriculums` (`ID`, `ChangeDate`, `Name`, `Year`, `Qualification`, `EducationLevel`, `Course2`) VALUES
(1, '2024-04-04 20:51:23', 'Тест 2024 года', 2024, 1, 1, 0),
(1, '2024-04-04 20:54:26', 'Тест 2024 года', 2024, 1, 1, 0),
(1, '2024-04-04 20:56:58', 'Тест 2024 года', 2024, 1, 1, 0),
(1, '2024-04-05 09:46:33', 'Тест 2024 года', 2024, 1, 1, 0),
(1, '2024-04-05 09:50:34', 'Тест 2024 года', 2024, 1, 1, 0),
(1, '2024-04-05 09:51:33', 'Тест 2024 года', 2024, 1, 1, 0),
(1, '2024-04-05 09:52:33', 'Тест 2024 года', 2024, 1, 1, 0),
(1, '2024-04-05 09:53:33', 'Тест 2024 года', 2024, 1, 1, 0),
(1, '2024-04-05 09:54:33', 'Тест 2024 года', 2024, 1, 1, 0),
(1, '2024-04-05 09:54:35', 'Тест 2024 года', 2024, 1, 1, 0),
(1, '2024-04-05 09:56:16', 'Тест 2024 года', 2024, 1, 1, 0);

-- --------------------------------------------------------

--
-- Table structure for table `CurriculumSubjects`
--

DROP TABLE IF EXISTS `CurriculumSubjects`;
CREATE TABLE `CurriculumSubjects` (
  `Curriculum` int NOT NULL DEFAULT '0',
  `Course` int NOT NULL DEFAULT '0',
  `Semester` int NOT NULL DEFAULT '0',
  `Subject` int NOT NULL DEFAULT '0',
  `ChangeDate` datetime NOT NULL DEFAULT '2000-01-01 00:00:00',
  `Hours` int DEFAULT '0',
  `WHours` int DEFAULT '0',
  `LPHours` int DEFAULT '0',
  `CDHours` int DEFAULT '0',
  `Exam` tinyint(1) DEFAULT '0'
) ;

--
-- Dumping data for table `CurriculumSubjects`
--

INSERT INTO `CurriculumSubjects` (`Curriculum`, `Course`, `Semester`, `Subject`, `ChangeDate`, `Hours`, `WHours`, `LPHours`, `CDHours`, `Exam`) VALUES
(1, 1, 1, 3, '2024-04-04 20:51:23', 40, 3, 4, 0, 0),
(1, 1, 1, 3, '2024-04-04 20:54:26', 40, 3, 4, 0, 0),
(1, 1, 1, 3, '2024-04-04 20:56:58', NULL, NULL, NULL, NULL, NULL),
(1, 1, 1, 4, '2024-04-04 20:51:23', 40, 3, 0, 0, 0),
(1, 1, 1, 4, '2024-04-04 20:54:26', 40, 3, 0, 0, 0),
(1, 1, 1, 4, '2024-04-04 20:56:58', 40, 3, 0, 0, 0),
(1, 1, 1, 4, '2024-04-05 09:46:33', 40, 3, 0, 0, 0),
(1, 1, 1, 4, '2024-04-05 09:50:34', 40, 3, 0, 0, 0),
(1, 1, 1, 4, '2024-04-05 09:51:33', 40, 3, 0, 0, 0),
(1, 1, 1, 4, '2024-04-05 09:52:33', 40, 3, 0, 0, 0),
(1, 1, 1, 4, '2024-04-05 09:53:33', 40, 3, 0, 0, 0),
(1, 1, 1, 4, '2024-04-05 09:54:33', 40, 3, 0, 0, 0),
(1, 1, 1, 4, '2024-04-05 09:54:35', 40, 3, 0, 0, 0),
(1, 1, 1, 4, '2024-04-05 09:56:16', 40, 3, 0, 0, 0),
(1, 1, 1, 5, '2024-04-04 20:51:23', 60, 4, 0, 0, 0),
(1, 1, 1, 5, '2024-04-04 20:54:26', 60, 4, 0, 0, 0),
(1, 1, 1, 5, '2024-04-04 20:56:58', 60, 4, 0, 0, 1),
(1, 1, 1, 5, '2024-04-05 09:46:33', 60, 4, 0, 0, 1),
(1, 1, 1, 5, '2024-04-05 09:50:34', 60, 4, 0, 0, 1),
(1, 1, 1, 5, '2024-04-05 09:51:33', 60, 4, 0, 0, 1),
(1, 1, 1, 5, '2024-04-05 09:52:33', 60, 4, 0, 0, 1),
(1, 1, 1, 5, '2024-04-05 09:53:33', 60, 4, 0, 0, 1),
(1, 1, 1, 5, '2024-04-05 09:54:33', 60, 4, 0, 0, 1),
(1, 1, 1, 5, '2024-04-05 09:54:35', 60, 4, 0, 0, 1),
(1, 1, 1, 5, '2024-04-05 09:56:16', 60, 4, 0, 0, 1),
(1, 1, 1, 6, '2024-04-04 20:51:23', 40, 3, 4, 0, 0),
(1, 1, 1, 6, '2024-04-04 20:54:26', 40, 3, 4, 0, 0),
(1, 1, 1, 6, '2024-04-04 20:56:58', NULL, NULL, NULL, NULL, NULL),
(1, 1, 1, 7, '2024-04-04 20:51:23', 40, 3, 0, 0, 0),
(1, 1, 1, 7, '2024-04-04 20:54:26', 40, 3, 0, 0, 0),
(1, 1, 1, 7, '2024-04-04 20:56:58', 40, 3, 0, 0, 0),
(1, 1, 1, 7, '2024-04-05 09:46:33', 40, 3, 0, 0, 0),
(1, 1, 1, 7, '2024-04-05 09:50:34', 40, 3, 0, 0, 0),
(1, 1, 1, 7, '2024-04-05 09:51:33', 40, 3, 0, 0, 0),
(1, 1, 1, 7, '2024-04-05 09:52:33', 40, 3, 0, 0, 0),
(1, 1, 1, 7, '2024-04-05 09:53:33', 40, 3, 0, 0, 0),
(1, 1, 1, 7, '2024-04-05 09:54:33', 40, 3, 0, 0, 0),
(1, 1, 1, 7, '2024-04-05 09:54:35', 40, 3, 0, 0, 0),
(1, 1, 1, 7, '2024-04-05 09:56:16', 40, 3, 0, 0, 0),
(1, 1, 1, 8, '2024-04-04 20:51:23', 120, 8, 0, 0, 0),
(1, 1, 1, 8, '2024-04-04 20:54:26', 120, 8, 0, 0, 1),
(1, 1, 1, 8, '2024-04-04 20:56:58', 120, 8, 0, 0, 1),
(1, 1, 1, 8, '2024-04-05 09:46:33', 120, 8, 0, 0, 1),
(1, 1, 1, 8, '2024-04-05 09:50:34', 120, 8, 0, 0, 1),
(1, 1, 1, 8, '2024-04-05 09:51:33', 120, 8, 0, 0, 1),
(1, 1, 1, 8, '2024-04-05 09:52:33', 120, 8, 0, 0, 1),
(1, 1, 1, 8, '2024-04-05 09:53:33', 120, 8, 0, 0, 1),
(1, 1, 1, 8, '2024-04-05 09:54:33', 120, 8, 0, 0, 1),
(1, 1, 1, 8, '2024-04-05 09:54:35', 120, 8, 0, 0, 1),
(1, 1, 1, 8, '2024-04-05 09:56:16', 120, 8, 0, 0, 1),
(1, 1, 1, 9, '2024-04-05 09:51:33', 60, 4, 0, 0, 0),
(1, 1, 1, 9, '2024-04-05 09:52:33', 60, 4, 0, 0, 0),
(1, 1, 1, 9, '2024-04-05 09:53:33', 60, 4, 0, 0, 0),
(1, 1, 1, 9, '2024-04-05 09:54:33', 60, 4, 0, 0, 0),
(1, 1, 1, 9, '2024-04-05 09:54:35', 60, 4, 0, 0, 0),
(1, 1, 1, 9, '2024-04-05 09:56:16', 60, 4, 0, 0, 0),
(1, 1, 1, 10, '2024-04-05 09:51:33', 20, 1, 0, 0, 0),
(1, 1, 1, 10, '2024-04-05 09:52:33', 20, 1, 0, 0, 0),
(1, 1, 1, 10, '2024-04-05 09:53:33', 20, 1, 0, 0, 0),
(1, 1, 1, 10, '2024-04-05 09:54:33', 20, 1, 0, 0, 0),
(1, 1, 1, 10, '2024-04-05 09:54:35', 20, 1, 0, 0, 0),
(1, 1, 1, 10, '2024-04-05 09:56:16', 20, 1, 0, 0, 0),
(1, 1, 1, 11, '2024-04-05 09:51:33', 40, 3, 0, 0, 0),
(1, 1, 1, 11, '2024-04-05 09:52:33', 40, 3, 0, 0, 0),
(1, 1, 1, 11, '2024-04-05 09:53:33', 40, 3, 0, 0, 0),
(1, 1, 1, 11, '2024-04-05 09:54:33', 40, 3, 0, 0, 0),
(1, 1, 1, 11, '2024-04-05 09:54:35', 40, 3, 0, 0, 0),
(1, 1, 1, 11, '2024-04-05 09:56:16', 40, 3, 0, 0, 0),
(1, 1, 1, 12, '2024-04-05 09:51:33', 20, 1, 0, 0, 0),
(1, 1, 1, 12, '2024-04-05 09:52:33', 20, 1, 0, 0, 0),
(1, 1, 1, 12, '2024-04-05 09:53:33', 20, 1, 0, 0, 0),
(1, 1, 1, 12, '2024-04-05 09:54:33', 20, 1, 0, 0, 0),
(1, 1, 1, 12, '2024-04-05 09:54:35', 20, 1, 0, 0, 0),
(1, 1, 1, 12, '2024-04-05 09:56:16', 20, 1, 0, 0, 0),
(1, 1, 1, 13, '2024-04-05 09:51:33', 40, 3, 0, 0, 0),
(1, 1, 1, 13, '2024-04-05 09:52:33', 40, 3, 0, 0, 0),
(1, 1, 1, 13, '2024-04-05 09:53:33', 40, 3, 0, 0, 0),
(1, 1, 1, 13, '2024-04-05 09:54:33', 40, 3, 4, 0, 0),
(1, 1, 1, 13, '2024-04-05 09:54:35', 40, 3, 4, 0, 0),
(1, 1, 1, 13, '2024-04-05 09:56:16', 40, 3, 4, 0, 0),
(1, 1, 2, 1, '2024-04-04 20:51:23', 144, 36, 0, 0, 0),
(1, 1, 2, 1, '2024-04-04 20:54:26', 144, 36, 0, 0, 0),
(1, 1, 2, 1, '2024-04-04 20:56:58', 144, 36, 0, 0, 0),
(1, 1, 2, 1, '2024-04-05 09:46:33', 144, 36, 0, 0, 0),
(1, 1, 2, 1, '2024-04-05 09:50:34', 144, 36, 0, 0, 0),
(1, 1, 2, 1, '2024-04-05 09:51:33', 144, 36, 0, 0, 0),
(1, 1, 2, 1, '2024-04-05 09:52:33', 144, 36, 0, 0, 0),
(1, 1, 2, 1, '2024-04-05 09:53:33', 144, 36, 0, 0, 0),
(1, 1, 2, 1, '2024-04-05 09:54:33', 144, 36, 0, 0, 0),
(1, 1, 2, 1, '2024-04-05 09:54:35', 144, 36, 0, 0, 0),
(1, 1, 2, 1, '2024-04-05 09:56:16', 144, 36, 0, 0, 0),
(1, 1, 2, 2, '2024-04-04 20:51:23', 144, 36, 0, 0, 0),
(1, 1, 2, 2, '2024-04-04 20:54:26', 144, 36, 0, 0, 0),
(1, 1, 2, 2, '2024-04-04 20:56:58', 144, 36, 0, 0, 0),
(1, 1, 2, 2, '2024-04-05 09:46:33', 144, 36, 0, 0, 0),
(1, 1, 2, 2, '2024-04-05 09:50:34', 144, 36, 0, 0, 0),
(1, 1, 2, 2, '2024-04-05 09:51:33', 144, 36, 0, 0, 0),
(1, 1, 2, 2, '2024-04-05 09:52:33', 144, 36, 0, 0, 0),
(1, 1, 2, 2, '2024-04-05 09:53:33', 144, 36, 0, 0, 0),
(1, 1, 2, 2, '2024-04-05 09:54:33', 144, 36, 0, 0, 0),
(1, 1, 2, 2, '2024-04-05 09:54:35', 144, 36, 0, 0, 0),
(1, 1, 2, 2, '2024-04-05 09:56:16', 144, 36, 0, 0, 0),
(1, 1, 2, 3, '2024-04-04 20:51:23', 13, 3, 1, 0, 0),
(1, 1, 2, 3, '2024-04-04 20:54:26', NULL, NULL, NULL, NULL, NULL),
(1, 1, 2, 3, '2024-04-04 20:56:58', 40, 8, 4, 0, 0),
(1, 1, 2, 3, '2024-04-05 09:46:33', 40, 8, 4, 0, 0),
(1, 1, 2, 3, '2024-04-05 09:50:34', 40, 8, 4, 0, 0),
(1, 1, 2, 3, '2024-04-05 09:51:33', 40, 8, 4, 0, 0),
(1, 1, 2, 3, '2024-04-05 09:52:33', 40, 8, 4, 0, 0),
(1, 1, 2, 3, '2024-04-05 09:53:33', 40, 8, 4, 0, 0),
(1, 1, 2, 3, '2024-04-05 09:54:33', 40, 8, 4, 0, 0),
(1, 1, 2, 3, '2024-04-05 09:54:35', 40, 8, 4, 0, 0),
(1, 1, 2, 3, '2024-04-05 09:56:16', 40, 8, 4, 0, 0),
(1, 1, 2, 4, '2024-04-04 20:51:23', 13, 3, 0, 0, 0),
(1, 1, 2, 4, '2024-04-04 20:54:26', 13, 3, 0, 0, 0),
(1, 1, 2, 4, '2024-04-04 20:56:58', NULL, NULL, NULL, NULL, NULL),
(1, 1, 2, 5, '2024-04-04 20:51:23', 20, 4, 0, 0, 0),
(1, 1, 2, 5, '2024-04-04 20:54:26', 20, 4, 0, 0, 0),
(1, 1, 2, 5, '2024-04-04 20:56:58', NULL, NULL, NULL, NULL, NULL),
(1, 1, 2, 6, '2024-04-04 20:51:23', 13, 3, 1, 0, 0),
(1, 1, 2, 6, '2024-04-04 20:54:26', 13, 3, 1, 0, 0),
(1, 1, 2, 6, '2024-04-04 20:56:58', 40, 8, 4, 0, 0),
(1, 1, 2, 6, '2024-04-05 09:46:33', 40, 8, 4, 0, 0),
(1, 1, 2, 6, '2024-04-05 09:50:34', 40, 8, 4, 0, 0),
(1, 1, 2, 6, '2024-04-05 09:51:33', 40, 8, 4, 0, 0),
(1, 1, 2, 6, '2024-04-05 09:52:33', 40, 8, 4, 0, 0),
(1, 1, 2, 6, '2024-04-05 09:53:33', 40, 8, 4, 0, 0),
(1, 1, 2, 6, '2024-04-05 09:54:33', 40, 8, 4, 0, 0),
(1, 1, 2, 6, '2024-04-05 09:54:35', 40, 8, 4, 0, 0),
(1, 1, 2, 6, '2024-04-05 09:56:16', 40, 8, 4, 0, 0),
(1, 1, 2, 7, '2024-04-04 20:51:23', 13, 3, 0, 0, 0),
(1, 1, 2, 7, '2024-04-04 20:54:26', 40, 3, 0, 0, 0),
(1, 1, 2, 7, '2024-04-04 20:56:58', NULL, NULL, NULL, NULL, NULL),
(1, 1, 2, 8, '2024-04-04 20:51:23', 40, 8, 0, 0, 0),
(1, 1, 2, 8, '2024-04-04 20:54:26', NULL, NULL, NULL, NULL, NULL),
(1, 1, 2, 9, '2024-04-05 09:54:33', 20, 4, 0, 0, 0),
(1, 1, 2, 9, '2024-04-05 09:54:35', 20, 4, 0, 0, 0),
(1, 1, 2, 9, '2024-04-05 09:56:16', 20, 4, 0, 0, 0),
(1, 1, 2, 10, '2024-04-05 09:54:33', 10, 2, 0, 0, 0),
(1, 1, 2, 10, '2024-04-05 09:54:35', 10, 2, 0, 0, 0),
(1, 1, 2, 10, '2024-04-05 09:56:16', 10, 2, 0, 0, 0),
(1, 1, 2, 11, '2024-04-05 09:54:33', 20, 4, 0, 0, 0),
(1, 1, 2, 11, '2024-04-05 09:54:35', 20, 4, 0, 0, 0),
(1, 1, 2, 11, '2024-04-05 09:56:16', 20, 4, 0, 0, 0),
(1, 1, 2, 12, '2024-04-05 09:54:33', 10, 1, 0, 0, 0),
(1, 1, 2, 12, '2024-04-05 09:54:35', 10, 1, 0, 0, 0),
(1, 1, 2, 12, '2024-04-05 09:56:16', 10, 1, 0, 0, 0),
(1, 1, 2, 13, '2024-04-05 09:54:33', 15, 3, 1, 0, 0),
(1, 1, 2, 13, '2024-04-05 09:54:35', 15, 3, 1, 0, 0),
(1, 1, 2, 13, '2024-04-05 09:56:16', 15, 3, 1, 0, 0);

-- --------------------------------------------------------

--
-- Table structure for table `EducationLevels`
--

DROP TABLE IF EXISTS `EducationLevels`;
CREATE TABLE `EducationLevels` (
  `ID` int NOT NULL,
  `ChangeDate` datetime NOT NULL DEFAULT '2000-01-01 00:00:00',
  `Name` varchar(60) CHARACTER SET utf8mb4 COLLATE utf8mb4_0900_ai_ci DEFAULT '',
  `Abbreviation` varchar(20) CHARACTER SET utf8mb4 COLLATE utf8mb4_0900_ai_ci DEFAULT '',
  `Level` int DEFAULT '0'
) ;

--
-- Dumping data for table `EducationLevels`
--

INSERT INTO `EducationLevels` (`ID`, `ChangeDate`, `Name`, `Abbreviation`, `Level`) VALUES
(1, '2024-04-04 20:28:35', 'Тестовый уровень', 'Тест', 1);

-- --------------------------------------------------------

--
-- Table structure for table `Groups`
--

DROP TABLE IF EXISTS `Groups`;
CREATE TABLE `Groups` (
  `ID` int NOT NULL,
  `ChangeDate` datetime NOT NULL DEFAULT '2000-01-01 00:00:00',
  `Curriculum` int DEFAULT '0',
  `Number` int DEFAULT '0',
  `Area` int DEFAULT '0',
  `BudgetStudents` int DEFAULT '0',
  `PaidStudents` int DEFAULT '0',
  `Extramural` tinyint(1) DEFAULT '0'
) ;

--
-- Dumping data for table `Groups`
--

INSERT INTO `Groups` (`ID`, `ChangeDate`, `Curriculum`, `Number`, `Area`, `BudgetStudents`, `PaidStudents`, `Extramural`) VALUES
(1, '2024-04-04 20:52:14', 1, 5, 4, 25, 0, 0),
(1, '2024-04-04 21:08:22', NULL, NULL, NULL, NULL, NULL, NULL),
(2, '2024-04-04 20:52:14', 1, 1, 4, 25, 0, 0),
(3, '2024-04-04 20:52:14', 1, 2, 4, 25, 0, 0),
(4, '2024-04-04 20:52:14', 1, 3, 4, 25, 0, 0),
(5, '2024-04-04 20:52:14', 1, 4, 4, 25, 0, 0),
(5, '2024-04-04 21:08:22', NULL, NULL, NULL, NULL, NULL, NULL);

-- --------------------------------------------------------

--
-- Table structure for table `Lecturers`
--

DROP TABLE IF EXISTS `Lecturers`;
CREATE TABLE `Lecturers` (
  `ID` int NOT NULL,
  `ChangeDate` datetime NOT NULL DEFAULT '2000-01-01 00:00:00',
  `Surname` varchar(30) CHARACTER SET utf8mb4 COLLATE utf8mb4_0900_ai_ci DEFAULT '',
  `Name` varchar(30) CHARACTER SET utf8mb4 COLLATE utf8mb4_0900_ai_ci DEFAULT '',
  `Patronymic` varchar(30) CHARACTER SET utf8mb4 COLLATE utf8mb4_0900_ai_ci DEFAULT ''
) ENGINE=InnoDB DEFAULT CHARSET=utf8mb4 COLLATE=utf8mb4_0900_ai_ci;

--
-- Dumping data for table `Lecturers`
--

INSERT INTO `Lecturers` (`ID`, `ChangeDate`, `Surname`, `Name`, `Patronymic`) VALUES
(1, '2024-04-04 20:27:11', 'Алексеева', 'Софья', 'Дмитриевна'),
(2, '2024-04-04 20:27:11', 'Лукьянова', 'Варвара', 'Дмитриевна'),
(3, '2024-04-04 20:27:11', 'Никифоров', 'Павел', 'Александрович'),
(4, '2024-04-04 20:27:11', 'Комарова', 'Дарья', 'Александровна'),
(5, '2024-04-04 20:27:11', 'Трофимов', 'Владислав', 'Максимович'),
(6, '2024-04-05 09:45:23', 'Ильинский', 'Артём', 'Константинович'),
(7, '2024-04-05 09:45:23', 'Борисова', 'Екатерина', 'Сергеевна'),
(8, '2024-04-05 09:45:23', 'Волков', 'Никита', 'Михайлович'),
(9, '2024-04-05 09:45:23', 'Грачев', 'Артемий', 'Кириллович'),
(10, '2024-04-05 09:45:23', 'Иванова', 'Анна', 'Михайловна');

-- --------------------------------------------------------

--
-- Table structure for table `NotAvailableLecturers`
--

DROP TABLE IF EXISTS `NotAvailableLecturers`;
CREATE TABLE `NotAvailableLecturers` (
  `ID` int NOT NULL,
  `NotAvalID` int NOT NULL DEFAULT '0',
  `ChangeDate` datetime NOT NULL DEFAULT '2000-01-01 00:00:00',
  `Lecturer` int DEFAULT '0',
  `StartDate` datetime DEFAULT '2000-01-01 00:00:00',
  `EndDate` datetime DEFAULT '2000-01-01 00:00:00',
  `Comment` varchar(1024) CHARACTER SET utf8mb4 COLLATE utf8mb4_0900_ai_ci DEFAULT ''
) ;

-- --------------------------------------------------------

--
-- Table structure for table `NotAvailableRooms`
--

DROP TABLE IF EXISTS `NotAvailableRooms`;
CREATE TABLE `NotAvailableRooms` (
  `ID` int NOT NULL,
  `NotAvalID` int NOT NULL DEFAULT '0',
  `ChangeDate` datetime NOT NULL DEFAULT '2000-01-01 00:00:00',
  `Room` int DEFAULT '0',
  `StartDate` datetime DEFAULT '2000-01-01 00:00:00',
  `EndDate` datetime DEFAULT '2000-01-01 00:00:00',
  `Comment` varchar(1024) CHARACTER SET utf8mb4 COLLATE utf8mb4_0900_ai_ci DEFAULT ''
) ;

-- --------------------------------------------------------

--
-- Table structure for table `Qualifications`
--

DROP TABLE IF EXISTS `Qualifications`;
CREATE TABLE `Qualifications` (
  `ID` int NOT NULL,
  `ChangeDate` datetime NOT NULL DEFAULT '2000-01-01 00:00:00',
  `Name` varchar(80) CHARACTER SET utf8mb4 COLLATE utf8mb4_0900_ai_ci DEFAULT '',
  `Abbreviation` varchar(20) CHARACTER SET utf8mb4 COLLATE utf8mb4_0900_ai_ci DEFAULT ''
) ENGINE=InnoDB DEFAULT CHARSET=utf8mb4 COLLATE=utf8mb4_0900_ai_ci;

--
-- Dumping data for table `Qualifications`
--

INSERT INTO `Qualifications` (`ID`, `ChangeDate`, `Name`, `Abbreviation`) VALUES
(1, '2024-04-04 20:27:59', 'Тестовая специальность', 'Тест');

-- --------------------------------------------------------

--
-- Table structure for table `Roles`
--

DROP TABLE IF EXISTS `Roles`;
CREATE TABLE `Roles` (
  `User` int NOT NULL DEFAULT '0',
  `Role` varchar(32) CHARACTER SET utf8mb4 COLLATE utf8mb4_0900_ai_ci NOT NULL DEFAULT ''
) ENGINE=InnoDB DEFAULT CHARSET=utf8mb4 COLLATE=utf8mb4_0900_ai_ci;

--
-- Dumping data for table `Roles`
--

INSERT INTO `Roles` (`User`, `Role`) VALUES
(1, 'Administrator');

-- --------------------------------------------------------

--
-- Table structure for table `Rooms`
--

DROP TABLE IF EXISTS `Rooms`;
CREATE TABLE `Rooms` (
  `ID` int NOT NULL,
  `ChangeDate` datetime NOT NULL DEFAULT '2000-01-01 00:00:00',
  `Area` int DEFAULT '0',
  `Name` varchar(80) CHARACTER SET utf8mb4 COLLATE utf8mb4_0900_ai_ci DEFAULT '',
  `Number` varchar(20) CHARACTER SET utf8mb4 COLLATE utf8mb4_0900_ai_ci DEFAULT ''
) ENGINE=InnoDB DEFAULT CHARSET=utf8mb4 COLLATE=utf8mb4_0900_ai_ci;

--
-- Dumping data for table `Rooms`
--

INSERT INTO `Rooms` (`ID`, `ChangeDate`, `Area`, `Name`, `Number`) VALUES
(1, '2024-04-04 20:19:33', 4, 'Кабинет математики', '10'),
(2, '2024-04-04 20:19:33', 4, 'Кабинет всемирной истории', '11'),
(3, '2024-04-04 20:19:33', 4, 'Кабинет русского языка и литературы', '12'),
(4, '2024-04-04 20:19:33', 4, 'Кабинет физики', '13'),
(5, '2024-04-04 20:19:33', 4, 'Кабинет биологии', '14');

-- --------------------------------------------------------

--
-- Table structure for table `ScheduleActHours`
--

DROP TABLE IF EXISTS `ScheduleActHours`;
CREATE TABLE `ScheduleActHours` (
  `Schedule` date NOT NULL DEFAULT '2000-01-01',
  `Group` int NOT NULL DEFAULT '0',
  `Hour` int NOT NULL DEFAULT '0',
  `ChangeDate` datetime NOT NULL DEFAULT '2000-01-01 00:00:00',
  `Activity` int DEFAULT '0'
) ;

-- --------------------------------------------------------

--
-- Table structure for table `ScheduleHourRooms`
--

DROP TABLE IF EXISTS `ScheduleHourRooms`;
CREATE TABLE `ScheduleHourRooms` (
  `ID` int NOT NULL,
  `ChangeDate` datetime NOT NULL DEFAULT '2000-01-01 00:00:00',
  `Schedule` date DEFAULT '2000-01-01',
  `Group` int DEFAULT '0',
  `Hour` int DEFAULT '0',
  `Lecturer` int DEFAULT '0',
  `Room` int DEFAULT '0'
) ;

--
-- Dumping data for table `ScheduleHourRooms`
--

INSERT INTO `ScheduleHourRooms` (`ID`, `ChangeDate`, `Schedule`, `Group`, `Hour`, `Lecturer`, `Room`) VALUES
(1, '2024-04-05 10:13:14', '2024-09-02', 2, 1, 5, 1),
(2, '2024-04-05 10:13:14', '2024-09-02', 2, 2, 5, 1),
(3, '2024-04-05 10:13:14', '2024-09-02', 2, 3, 1, 2),
(4, '2024-04-05 10:13:14', '2024-09-02', 2, 4, 1, 2),
(5, '2024-04-05 10:13:14', '2024-09-02', 2, 5, 1, 2),
(6, '2024-04-05 10:13:14', '2024-09-02', 2, 6, 1, 2),
(7, '2024-04-05 10:13:14', '2024-09-02', 3, 1, 1, 3),
(8, '2024-04-05 10:13:14', '2024-09-02', 3, 2, 1, 3),
(9, '2024-04-05 10:13:14', '2024-09-02', 3, 3, 5, 1),
(10, '2024-04-05 10:13:14', '2024-09-02', 3, 4, 5, 1),
(11, '2024-04-05 10:13:14', '2024-09-02', 3, 5, 8, 3),
(12, '2024-04-05 10:13:14', '2024-09-02', 3, 6, 8, 3),
(13, '2024-04-05 10:13:14', '2024-09-02', 4, 1, 4, 2),
(14, '2024-04-05 10:13:14', '2024-09-02', 4, 2, 4, 2),
(15, '2024-04-05 10:13:14', '2024-09-02', 4, 3, 10, 3),
(16, '2024-04-05 10:13:14', '2024-09-02', 4, 4, 10, 3),
(17, '2024-04-05 10:13:14', '2024-09-02', 4, 5, 5, 1),
(18, '2024-04-05 10:13:14', '2024-09-02', 4, 6, 5, 1),
(19, '2024-04-05 10:13:32', '2024-09-03', 2, 1, 5, 1),
(20, '2024-04-05 10:13:32', '2024-09-03', 2, 2, 5, 1),
(21, '2024-04-05 10:13:32', '2024-09-03', 2, 3, 4, 3),
(22, '2024-04-05 10:13:32', '2024-09-03', 2, 4, 4, 3),
(23, '2024-04-05 10:13:32', '2024-09-03', 3, 1, 1, 2),
(24, '2024-04-05 10:13:32', '2024-09-03', 3, 2, 1, 2),
(25, '2024-04-05 10:13:32', '2024-09-03', 3, 3, 5, 1),
(26, '2024-04-05 10:13:32', '2024-09-03', 3, 4, 5, 1),
(27, '2024-04-05 10:13:32', '2024-09-03', 4, 1, 3, 3),
(28, '2024-04-05 10:13:32', '2024-09-03', 4, 2, 3, 3),
(29, '2024-04-05 10:13:32', '2024-09-03', 4, 3, 1, 2),
(30, '2024-04-05 10:13:32', '2024-09-03', 4, 4, 1, 2),
(31, '2024-04-05 10:13:46', '2024-09-04', 2, 1, 1, 2),
(32, '2024-04-05 10:13:46', '2024-09-04', 2, 2, 1, 2),
(33, '2024-04-05 10:13:46', '2024-09-04', 2, 3, 5, 1),
(34, '2024-04-05 10:13:46', '2024-09-04', 2, 4, 5, 1),
(35, '2024-04-05 10:13:46', '2024-09-04', 2, 5, 3, 3),
(36, '2024-04-05 10:13:46', '2024-09-04', 2, 6, 3, 3),
(37, '2024-04-05 10:13:46', '2024-09-04', 3, 1, 4, 3),
(38, '2024-04-05 10:13:46', '2024-09-04', 3, 2, 4, 3),
(39, '2024-04-05 10:13:46', '2024-09-04', 3, 3, 3, 3),
(40, '2024-04-05 10:13:46', '2024-09-04', 3, 4, 3, 3),
(41, '2024-04-05 10:13:46', '2024-09-04', 3, 5, 5, 1),
(42, '2024-04-05 10:13:46', '2024-09-04', 3, 6, 5, 1),
(43, '2024-04-05 10:13:46', '2024-09-04', 4, 1, 5, 1),
(44, '2024-04-05 10:13:46', '2024-09-04', 4, 2, 5, 1),
(45, '2024-04-05 10:13:46', '2024-09-04', 4, 3, 1, 2),
(46, '2024-04-05 10:13:46', '2024-09-04', 4, 4, 1, 2),
(47, '2024-04-05 10:13:46', '2024-09-04', 4, 5, 1, 2),
(48, '2024-04-05 10:13:46', '2024-09-04', 4, 6, 1, 2),
(49, '2024-04-05 10:14:01', '2024-09-05', 2, 1, 4, 3),
(50, '2024-04-05 10:14:01', '2024-09-05', 2, 2, 4, 3),
(51, '2024-04-05 10:14:01', '2024-09-05', 2, 3, 1, 2),
(52, '2024-04-05 10:14:01', '2024-09-05', 2, 4, 1, 2),
(53, '2024-04-05 10:14:01', '2024-09-05', 3, 1, 1, 2),
(54, '2024-04-05 10:14:01', '2024-09-05', 3, 2, 1, 2),
(55, '2024-04-05 10:14:01', '2024-09-05', 3, 3, 5, 1),
(56, '2024-04-05 10:14:01', '2024-09-05', 3, 4, 5, 1),
(57, '2024-04-05 10:14:01', '2024-09-05', 4, 1, 5, 1),
(58, '2024-04-05 10:14:01', '2024-09-05', 4, 2, 5, 1),
(59, '2024-04-05 10:14:01', '2024-09-05', 4, 3, 8, 3),
(60, '2024-04-05 10:14:01', '2024-09-05', 4, 4, 8, 3),
(61, '2024-04-05 10:14:33', '2024-09-06', 2, 1, 5, 1),
(62, '2024-04-05 10:14:33', '2024-09-06', 2, 2, 5, 1),
(63, '2024-04-05 10:14:33', '2024-09-06', 2, 3, 3, 3),
(64, '2024-04-05 10:14:33', '2024-09-06', 2, 4, 3, 3),
(65, '2024-04-05 10:14:33', '2024-09-06', 2, 5, 8, 1),
(66, '2024-04-05 10:14:33', '2024-09-06', 2, 6, 8, 1),
(67, '2024-04-05 10:14:33', '2024-09-06', 3, 1, 4, 2),
(68, '2024-04-05 10:14:33', '2024-09-06', 3, 2, 4, 2),
(69, '2024-04-05 10:14:33', '2024-09-06', 3, 3, 1, 2),
(70, '2024-04-05 10:14:33', '2024-09-06', 3, 4, 1, 2),
(71, '2024-04-05 10:14:33', '2024-09-06', 3, 5, 7, 2),
(72, '2024-04-05 10:14:33', '2024-09-06', 3, 6, 6, 2),
(73, '2024-04-05 10:14:33', '2024-09-06', 4, 1, 10, 3),
(74, '2024-04-05 10:14:33', '2024-09-06', 4, 2, 10, 3),
(75, '2024-04-05 10:14:33', '2024-09-06', 4, 3, 5, 1),
(76, '2024-04-05 10:14:33', '2024-09-06', 4, 4, 5, 1),
(77, '2024-04-05 10:14:33', '2024-09-06', 4, 5, 6, 3),
(78, '2024-04-05 10:14:33', '2024-09-06', 4, 6, 7, 3),
(79, '2024-04-05 10:14:53', '2024-09-07', 2, 1, 10, 2),
(80, '2024-04-05 10:14:53', '2024-09-07', 2, 2, 10, 2),
(81, '2024-04-05 10:14:53', '2024-09-07', 2, 3, 6, 3),
(82, '2024-04-05 10:14:53', '2024-09-07', 2, 4, 7, 3),
(83, '2024-04-05 10:14:53', '2024-09-07', 3, 1, 8, 3),
(84, '2024-04-05 10:14:53', '2024-09-07', 3, 2, 8, 3),
(85, '2024-04-05 10:14:53', '2024-09-07', 3, 3, 10, 1),
(86, '2024-04-05 10:14:53', '2024-09-07', 3, 4, 10, 1),
(87, '2024-04-05 10:14:53', '2024-09-07', 4, 1, 4, 1),
(88, '2024-04-05 10:14:53', '2024-09-07', 4, 2, 4, 1),
(89, '2024-04-05 10:14:53', '2024-09-07', 4, 3, 3, 2),
(90, '2024-04-05 10:14:53', '2024-09-07', 4, 4, 3, 2);

-- --------------------------------------------------------

--
-- Table structure for table `ScheduleHours`
--

DROP TABLE IF EXISTS `ScheduleHours`;
CREATE TABLE `ScheduleHours` (
  `Schedule` date NOT NULL DEFAULT '2000-01-01',
  `Group` int NOT NULL DEFAULT '0',
  `Hour` int NOT NULL DEFAULT '0',
  `ChangeDate` datetime NOT NULL DEFAULT '2000-01-01 00:00:00',
  `Subject` int DEFAULT '0'
) ;

--
-- Dumping data for table `ScheduleHours`
--

INSERT INTO `ScheduleHours` (`Schedule`, `Group`, `Hour`, `ChangeDate`, `Subject`) VALUES
('2024-09-02', 2, 3, '2024-04-05 10:13:14', 41),
('2024-09-02', 2, 4, '2024-04-05 10:13:14', 41),
('2024-09-05', 2, 3, '2024-04-05 10:14:01', 41),
('2024-09-05', 2, 4, '2024-04-05 10:14:01', 41),
('2024-09-02', 2, 5, '2024-04-05 10:13:14', 42),
('2024-09-02', 2, 6, '2024-04-05 10:13:14', 42),
('2024-09-04', 2, 1, '2024-04-05 10:13:46', 42),
('2024-09-04', 2, 2, '2024-04-05 10:13:46', 42),
('2024-09-04', 2, 5, '2024-04-05 10:13:46', 43),
('2024-09-04', 2, 6, '2024-04-05 10:13:46', 43),
('2024-09-06', 2, 3, '2024-04-05 10:14:33', 43),
('2024-09-06', 2, 4, '2024-04-05 10:14:33', 43),
('2024-09-02', 2, 1, '2024-04-05 10:13:14', 44),
('2024-09-02', 2, 2, '2024-04-05 10:13:14', 44),
('2024-09-03', 2, 1, '2024-04-05 10:13:32', 44),
('2024-09-03', 2, 2, '2024-04-05 10:13:32', 44),
('2024-09-04', 2, 3, '2024-04-05 10:13:46', 44),
('2024-09-04', 2, 4, '2024-04-05 10:13:46', 44),
('2024-09-06', 2, 1, '2024-04-05 10:14:33', 44),
('2024-09-06', 2, 2, '2024-04-05 10:14:33', 44),
('2024-09-03', 2, 3, '2024-04-05 10:13:32', 45),
('2024-09-03', 2, 4, '2024-04-05 10:13:32', 45),
('2024-09-05', 2, 1, '2024-04-05 10:14:01', 45),
('2024-09-05', 2, 2, '2024-04-05 10:14:01', 45),
('2024-09-07', 2, 3, '2024-04-05 10:14:53', 47),
('2024-09-06', 2, 5, '2024-04-05 10:14:33', 49),
('2024-09-06', 2, 6, '2024-04-05 10:14:33', 49),
('2024-09-07', 2, 4, '2024-04-05 10:14:53', 51),
('2024-09-07', 2, 1, '2024-04-05 10:14:53', 53),
('2024-09-07', 2, 2, '2024-04-05 10:14:53', 53),
('2024-09-02', 3, 1, '2024-04-05 10:13:14', 59),
('2024-09-02', 3, 2, '2024-04-05 10:13:14', 59),
('2024-09-06', 3, 3, '2024-04-05 10:14:33', 59),
('2024-09-06', 3, 4, '2024-04-05 10:14:33', 59),
('2024-09-03', 3, 1, '2024-04-05 10:13:32', 60),
('2024-09-03', 3, 2, '2024-04-05 10:13:32', 60),
('2024-09-05', 3, 1, '2024-04-05 10:14:01', 60),
('2024-09-05', 3, 2, '2024-04-05 10:14:01', 60),
('2024-09-04', 3, 3, '2024-04-05 10:13:46', 61),
('2024-09-04', 3, 4, '2024-04-05 10:13:46', 61),
('2024-09-02', 3, 3, '2024-04-05 10:13:14', 62),
('2024-09-02', 3, 4, '2024-04-05 10:13:14', 62),
('2024-09-03', 3, 3, '2024-04-05 10:13:32', 62),
('2024-09-03', 3, 4, '2024-04-05 10:13:32', 62),
('2024-09-04', 3, 5, '2024-04-05 10:13:46', 62),
('2024-09-04', 3, 6, '2024-04-05 10:13:46', 62),
('2024-09-05', 3, 3, '2024-04-05 10:14:01', 62),
('2024-09-05', 3, 4, '2024-04-05 10:14:01', 62),
('2024-09-04', 3, 1, '2024-04-05 10:13:46', 63),
('2024-09-04', 3, 2, '2024-04-05 10:13:46', 63),
('2024-09-06', 3, 1, '2024-04-05 10:14:33', 63),
('2024-09-06', 3, 2, '2024-04-05 10:14:33', 63),
('2024-09-06', 3, 6, '2024-04-05 10:14:33', 65),
('2024-09-02', 3, 5, '2024-04-05 10:13:14', 67),
('2024-09-02', 3, 6, '2024-04-05 10:13:14', 67),
('2024-09-07', 3, 1, '2024-04-05 10:14:53', 67),
('2024-09-07', 3, 2, '2024-04-05 10:14:53', 67),
('2024-09-06', 3, 5, '2024-04-05 10:14:33', 69),
('2024-09-07', 3, 3, '2024-04-05 10:14:53', 71),
('2024-09-07', 3, 4, '2024-04-05 10:14:53', 71),
('2024-09-04', 4, 5, '2024-04-05 10:13:46', 77),
('2024-09-04', 4, 6, '2024-04-05 10:13:46', 77),
('2024-09-03', 4, 3, '2024-04-05 10:13:32', 78),
('2024-09-03', 4, 4, '2024-04-05 10:13:32', 78),
('2024-09-04', 4, 3, '2024-04-05 10:13:46', 78),
('2024-09-04', 4, 4, '2024-04-05 10:13:46', 78),
('2024-09-03', 4, 1, '2024-04-05 10:13:32', 79),
('2024-09-03', 4, 2, '2024-04-05 10:13:32', 79),
('2024-09-07', 4, 3, '2024-04-05 10:14:53', 79),
('2024-09-07', 4, 4, '2024-04-05 10:14:53', 79),
('2024-09-02', 4, 5, '2024-04-05 10:13:14', 80),
('2024-09-02', 4, 6, '2024-04-05 10:13:14', 80),
('2024-09-04', 4, 1, '2024-04-05 10:13:46', 80),
('2024-09-04', 4, 2, '2024-04-05 10:13:46', 80),
('2024-09-05', 4, 1, '2024-04-05 10:14:01', 80),
('2024-09-05', 4, 2, '2024-04-05 10:14:01', 80),
('2024-09-06', 4, 3, '2024-04-05 10:14:33', 80),
('2024-09-06', 4, 4, '2024-04-05 10:14:33', 80),
('2024-09-02', 4, 1, '2024-04-05 10:13:14', 81),
('2024-09-02', 4, 2, '2024-04-05 10:13:14', 81),
('2024-09-07', 4, 1, '2024-04-05 10:14:53', 81),
('2024-09-07', 4, 2, '2024-04-05 10:14:53', 81),
('2024-09-06', 4, 5, '2024-04-05 10:14:33', 83),
('2024-09-05', 4, 3, '2024-04-05 10:14:01', 85),
('2024-09-05', 4, 4, '2024-04-05 10:14:01', 85),
('2024-09-06', 4, 6, '2024-04-05 10:14:33', 87),
('2024-09-02', 4, 3, '2024-04-05 10:13:14', 89),
('2024-09-02', 4, 4, '2024-04-05 10:13:14', 89),
('2024-09-06', 4, 1, '2024-04-05 10:14:33', 89),
('2024-09-06', 4, 2, '2024-04-05 10:14:33', 89);

-- --------------------------------------------------------

--
-- Table structure for table `Schedules`
--

DROP TABLE IF EXISTS `Schedules`;
CREATE TABLE `Schedules` (
  `Date` date NOT NULL DEFAULT '2000-01-01',
  `ChangeDate` datetime NOT NULL DEFAULT '2000-01-01 00:00:00',
  `Bells` int DEFAULT '0'
) ENGINE=InnoDB DEFAULT CHARSET=utf8mb4 COLLATE=utf8mb4_0900_ai_ci;

--
-- Dumping data for table `Schedules`
--

INSERT INTO `Schedules` (`Date`, `ChangeDate`, `Bells`) VALUES
('2024-09-02', '2024-04-05 10:13:14', 1),
('2024-09-03', '2024-04-05 10:13:32', 1),
('2024-09-04', '2024-04-05 10:13:46', 1),
('2024-09-05', '2024-04-05 10:14:01', 1),
('2024-09-06', '2024-04-05 10:14:33', 1),
('2024-09-07', '2024-04-05 10:14:53', 1);

-- --------------------------------------------------------

--
-- Table structure for table `SemesterSchedulePairs`
--

DROP TABLE IF EXISTS `SemesterSchedulePairs`;
CREATE TABLE `SemesterSchedulePairs` (
  `Year` int NOT NULL DEFAULT '0',
  `Semester` int NOT NULL DEFAULT '0',
  `Day` int NOT NULL DEFAULT '0',
  `Load` int NOT NULL DEFAULT '0',
  `Pair` int NOT NULL DEFAULT '0',
  `ChangeDate` datetime NOT NULL DEFAULT '2000-01-01 00:00:00',
  `Subject` int DEFAULT '0',
  `Subject2` int DEFAULT '0',
  `Type` int DEFAULT '0'
) ;

--
-- Dumping data for table `SemesterSchedulePairs`
--

INSERT INTO `SemesterSchedulePairs` (`Year`, `Semester`, `Day`, `Load`, `Pair`, `ChangeDate`, `Subject`, `Subject2`, `Type`) VALUES
(2024, 1, 0, 6, 1, '2024-04-05 10:06:18', 44, 44, 0),
(2024, 1, 0, 6, 2, '2024-04-05 10:06:18', 41, 49, 4),
(2024, 1, 0, 6, 3, '2024-04-05 10:06:18', 42, 42, 0),
(2024, 1, 0, 7, 1, '2024-04-05 10:06:18', 59, 61, 4),
(2024, 1, 0, 7, 2, '2024-04-05 10:06:18', 62, 62, 0),
(2024, 1, 0, 7, 3, '2024-04-05 10:06:18', 67, 71, 4),
(2024, 1, 0, 8, 1, '2024-04-05 10:06:18', 81, 81, 0),
(2024, 1, 0, 8, 2, '2024-04-05 10:06:18', 89, 77, 4),
(2024, 1, 0, 8, 3, '2024-04-05 10:06:18', 80, 80, 0),
(2024, 1, 1, 6, 1, '2024-04-05 10:06:18', 44, 44, 0),
(2024, 1, 1, 6, 2, '2024-04-05 10:06:18', 45, 45, 0),
(2024, 1, 1, 7, 1, '2024-04-05 10:06:18', 60, 60, 0),
(2024, 1, 1, 7, 2, '2024-04-05 10:06:18', 62, 62, 0),
(2024, 1, 1, 8, 1, '2024-04-05 10:06:18', 79, 85, 4),
(2024, 1, 1, 8, 2, '2024-04-05 10:06:18', 78, 78, 0),
(2024, 1, 2, 6, 1, '2024-04-05 10:06:18', 42, 42, 0),
(2024, 1, 2, 6, 2, '2024-04-05 10:06:18', 44, 44, 0),
(2024, 1, 2, 6, 3, '2024-04-05 10:06:18', 43, 53, 4),
(2024, 1, 2, 7, 1, '2024-04-05 10:06:18', 63, 63, 0),
(2024, 1, 2, 7, 2, '2024-04-05 10:06:18', 61, 61, 0),
(2024, 1, 2, 7, 3, '2024-04-05 10:06:18', 62, 62, 0),
(2024, 1, 2, 8, 1, '2024-04-05 10:06:18', 80, 80, 0),
(2024, 1, 2, 8, 2, '2024-04-05 10:06:18', 78, 78, 0),
(2024, 1, 2, 8, 3, '2024-04-05 10:06:18', 77, 77, 0),
(2024, 1, 3, 6, 1, '2024-04-05 10:06:18', 45, 45, 0),
(2024, 1, 3, 6, 2, '2024-04-05 10:06:18', 41, 41, 0),
(2024, 1, 3, 7, 1, '2024-04-05 10:06:18', 60, 60, 0),
(2024, 1, 3, 7, 2, '2024-04-05 10:06:18', 62, 62, 0),
(2024, 1, 3, 8, 1, '2024-04-05 10:06:18', 80, 80, 0),
(2024, 1, 3, 8, 2, '2024-04-05 10:06:18', 85, 85, 0),
(2024, 1, 4, 6, 1, '2024-04-05 10:06:18', 44, 44, 0),
(2024, 1, 4, 6, 2, '2024-04-05 10:06:18', 43, 43, 0),
(2024, 1, 4, 6, 3, '2024-04-05 10:06:18', 49, 49, 0),
(2024, 1, 4, 7, 1, '2024-04-05 10:06:18', 63, 63, 0),
(2024, 1, 4, 7, 2, '2024-04-05 10:06:18', 59, 59, 0),
(2024, 1, 4, 7, 3, '2024-04-05 10:06:18', 69, 65, 3),
(2024, 1, 4, 8, 1, '2024-04-05 10:06:18', 89, 89, 0),
(2024, 1, 4, 8, 2, '2024-04-05 10:06:18', 80, 80, 0),
(2024, 1, 4, 8, 3, '2024-04-05 10:06:18', 83, 87, 3),
(2024, 1, 5, 6, 1, '2024-04-05 10:06:18', 53, 53, 0),
(2024, 1, 5, 6, 2, '2024-04-05 10:06:18', 47, 51, 3),
(2024, 1, 5, 7, 1, '2024-04-05 10:06:18', 67, 67, 0),
(2024, 1, 5, 7, 2, '2024-04-05 10:06:18', 71, 71, 0),
(2024, 1, 5, 8, 1, '2024-04-05 10:06:18', 81, 81, 0),
(2024, 1, 5, 8, 2, '2024-04-05 10:06:18', 79, 79, 0),
(2024, 2, 0, 6, 1, '2024-04-05 10:07:40', 57, 57, 0),
(2024, 2, 0, 6, 1, '2024-04-05 10:07:55', 57, 57, 0),
(2024, 2, 0, 6, 2, '2024-04-05 10:07:40', 58, 58, 0),
(2024, 2, 0, 6, 2, '2024-04-05 10:07:55', 58, 58, 0),
(2024, 2, 0, 6, 3, '2024-04-05 10:07:40', 50, 50, 0),
(2024, 2, 0, 6, 3, '2024-04-05 10:07:55', 50, 50, 0),
(2024, 2, 0, 7, 1, '2024-04-05 10:07:40', 76, 76, 0),
(2024, 2, 0, 7, 1, '2024-04-05 10:07:55', 76, 76, 0),
(2024, 2, 0, 7, 2, '2024-04-05 10:07:40', 75, 75, 0),
(2024, 2, 0, 7, 2, '2024-04-05 10:07:55', 75, 75, 0),
(2024, 2, 0, 7, 3, '2024-04-05 10:07:40', 72, 72, 0),
(2024, 2, 0, 7, 3, '2024-04-05 10:07:55', 72, 72, 0),
(2024, 2, 0, 8, 1, '2024-04-05 10:07:40', 82, 82, 0),
(2024, 2, 0, 8, 1, '2024-04-05 10:07:55', 82, 82, 0),
(2024, 2, 0, 8, 2, '2024-04-05 10:07:40', 86, 86, 0),
(2024, 2, 0, 8, 2, '2024-04-05 10:07:55', 86, 86, 0),
(2024, 2, 0, 8, 3, '2024-04-05 10:07:40', 93, 93, 0),
(2024, 2, 0, 8, 3, '2024-04-05 10:07:55', 93, 93, 0),
(2024, 2, 1, 6, 1, '2024-04-05 10:07:40', 57, 57, 0),
(2024, 2, 1, 6, 1, '2024-04-05 10:07:55', 57, 57, 0),
(2024, 2, 1, 6, 2, '2024-04-05 10:07:40', 58, 58, 0),
(2024, 2, 1, 6, 2, '2024-04-05 10:07:55', 58, 58, 0),
(2024, 2, 1, 7, 1, '2024-04-05 10:07:40', 64, 64, 0),
(2024, 2, 1, 7, 1, '2024-04-05 10:07:55', 64, 64, 0),
(2024, 2, 1, 7, 2, '2024-04-05 10:07:40', 68, 68, 0),
(2024, 2, 1, 7, 2, '2024-04-05 10:07:55', 68, 68, 0),
(2024, 2, 1, 8, 1, '2024-04-05 10:07:40', 94, 94, 0),
(2024, 2, 1, 8, 1, '2024-04-05 10:07:55', 94, 94, 0),
(2024, 2, 1, 8, 2, '2024-04-05 10:07:40', 93, 93, 0),
(2024, 2, 1, 8, 2, '2024-04-05 10:07:55', 93, 93, 0),
(2024, 2, 2, 6, 1, '2024-04-05 10:07:40', 57, 57, 0),
(2024, 2, 2, 6, 1, '2024-04-05 10:07:55', 57, 57, 0),
(2024, 2, 2, 6, 2, '2024-04-05 10:07:40', 58, 58, 0),
(2024, 2, 2, 6, 2, '2024-04-05 10:07:55', 58, 58, 0),
(2024, 2, 2, 6, 3, '2024-04-05 10:07:40', 48, 54, 3),
(2024, 2, 2, 6, 3, '2024-04-05 10:07:55', 48, 54, 3),
(2024, 2, 2, 7, 1, '2024-04-05 10:07:40', 76, 76, 0),
(2024, 2, 2, 7, 1, '2024-04-05 10:07:55', 76, 76, 0),
(2024, 2, 2, 7, 2, '2024-04-05 10:07:40', 75, 75, 0),
(2024, 2, 2, 7, 2, '2024-04-05 10:07:55', 75, 75, 0),
(2024, 2, 2, 7, 3, '2024-04-05 10:07:40', 68, 68, 0),
(2024, 2, 2, 7, 3, '2024-04-05 10:07:55', 68, 68, 0),
(2024, 2, 2, 8, 1, '2024-04-05 10:07:40', 82, 82, 0),
(2024, 2, 2, 8, 1, '2024-04-05 10:07:55', 82, 82, 0),
(2024, 2, 2, 8, 2, '2024-04-05 10:07:40', 86, 86, 0),
(2024, 2, 2, 8, 2, '2024-04-05 10:07:55', 86, 86, 0),
(2024, 2, 2, 8, 3, '2024-04-05 10:07:40', 94, 94, 0),
(2024, 2, 2, 8, 3, '2024-04-05 10:07:55', 94, 94, 0),
(2024, 2, 3, 6, 1, '2024-04-05 10:07:40', 46, 46, 0),
(2024, 2, 3, 6, 1, '2024-04-05 10:07:55', 46, 46, 0),
(2024, 2, 3, 6, 2, '2024-04-05 10:07:40', 54, 54, 0),
(2024, 2, 3, 6, 2, '2024-04-05 10:07:55', 54, 54, 0),
(2024, 2, 3, 7, 1, '2024-04-05 10:07:40', 75, 75, 0),
(2024, 2, 3, 7, 1, '2024-04-05 10:07:55', 75, 75, 0),
(2024, 2, 3, 7, 2, '2024-04-05 10:07:40', 76, 76, 0),
(2024, 2, 3, 7, 2, '2024-04-05 10:07:55', 76, 76, 0),
(2024, 2, 3, 8, 1, '2024-04-05 10:07:40', 94, 94, 0),
(2024, 2, 3, 8, 1, '2024-04-05 10:07:55', 94, 94, 0),
(2024, 2, 3, 8, 2, '2024-04-05 10:07:40', 93, 93, 0),
(2024, 2, 3, 8, 2, '2024-04-05 10:07:55', 93, 93, 0),
(2024, 2, 4, 6, 1, '2024-04-05 10:07:40', 57, 57, 0),
(2024, 2, 4, 6, 1, '2024-04-05 10:07:55', 57, 57, 0),
(2024, 2, 4, 6, 2, '2024-04-05 10:07:40', 58, 58, 0),
(2024, 2, 4, 6, 2, '2024-04-05 10:07:55', 58, 58, 0),
(2024, 2, 4, 6, 3, '2024-04-05 10:07:40', 46, 46, 0),
(2024, 2, 4, 6, 3, '2024-04-05 10:07:55', 46, 46, 0),
(2024, 2, 4, 7, 1, '2024-04-05 10:07:40', 76, 76, 0),
(2024, 2, 4, 7, 1, '2024-04-05 10:07:55', 76, 76, 0),
(2024, 2, 4, 7, 2, '2024-04-05 10:07:40', 75, 75, 0),
(2024, 2, 4, 7, 2, '2024-04-05 10:07:55', 75, 75, 0),
(2024, 2, 4, 7, 3, '2024-04-05 10:07:40', 70, 72, 3),
(2024, 2, 4, 7, 3, '2024-04-05 10:07:55', 70, 72, 3),
(2024, 2, 4, 8, 1, '2024-04-05 10:07:40', 90, 90, 0),
(2024, 2, 4, 8, 1, '2024-04-05 10:07:55', 90, 90, 0),
(2024, 2, 4, 8, 2, '2024-04-05 10:07:40', 84, 84, 0),
(2024, 2, 4, 8, 2, '2024-04-05 10:07:55', 84, 84, 0),
(2024, 2, 4, 8, 3, '2024-04-05 10:07:40', 93, 93, 0),
(2024, 2, 4, 8, 3, '2024-04-05 10:07:55', 93, 93, 0),
(2024, 2, 5, 6, 1, '2024-04-05 10:07:40', 50, 50, 0),
(2024, 2, 5, 6, 1, '2024-04-05 10:07:55', 50, 50, 0),
(2024, 2, 5, 6, 2, '2024-04-05 10:07:40', 48, 52, 3),
(2024, 2, 5, 6, 2, '2024-04-05 10:07:55', 48, 52, 3),
(2024, 2, 5, 7, 1, '2024-04-05 10:07:55', 66, 66, 0),
(2024, 2, 5, 7, 2, '2024-04-05 10:07:40', 64, 64, 0),
(2024, 2, 5, 7, 2, '2024-04-05 10:07:55', 64, 64, 0),
(2024, 2, 5, 7, 3, '2024-04-05 10:07:40', 66, 66, 0),
(2024, 2, 5, 7, 3, '2024-04-05 10:07:55', NULL, NULL, NULL),
(2024, 2, 5, 8, 1, '2024-04-05 10:07:40', 94, 94, 0),
(2024, 2, 5, 8, 1, '2024-04-05 10:07:55', 94, 94, 0),
(2024, 2, 5, 8, 2, '2024-04-05 10:07:40', 88, 90, 3),
(2024, 2, 5, 8, 2, '2024-04-05 10:07:55', 88, 90, 3);

-- --------------------------------------------------------

--
-- Table structure for table `SemesterSchedules`
--

DROP TABLE IF EXISTS `SemesterSchedules`;
CREATE TABLE `SemesterSchedules` (
  `Year` int NOT NULL DEFAULT '0',
  `Semester` int NOT NULL DEFAULT '0',
  `ChangeDate` datetime NOT NULL DEFAULT '2000-01-01 00:00:00',
  `StartDate` date DEFAULT '2000-01-01',
  `EndDate` date DEFAULT '2000-01-01'
) ;

--
-- Dumping data for table `SemesterSchedules`
--

INSERT INTO `SemesterSchedules` (`Year`, `Semester`, `ChangeDate`, `StartDate`, `EndDate`) VALUES
(2024, 1, '2024-04-05 10:06:18', '2024-09-02', '2025-01-05'),
(2024, 2, '2024-04-05 10:07:40', '2025-01-06', '2025-06-08'),
(2024, 2, '2024-04-05 10:07:55', '2025-01-06', '2025-06-08');

-- --------------------------------------------------------

--
-- Table structure for table `SubjectRoomCategories`
--

DROP TABLE IF EXISTS `SubjectRoomCategories`;
CREATE TABLE `SubjectRoomCategories` (
  `ID` int NOT NULL,
  `ChangeDate` datetime NOT NULL DEFAULT '2000-01-01 00:00:00',
  `Name` varchar(80) CHARACTER SET utf8mb4 COLLATE utf8mb4_0900_ai_ci DEFAULT '',
  `Abbreviation` varchar(30) CHARACTER SET utf8mb4 COLLATE utf8mb4_0900_ai_ci DEFAULT ''
) ENGINE=InnoDB DEFAULT CHARSET=utf8mb4 COLLATE=utf8mb4_0900_ai_ci;

-- --------------------------------------------------------

--
-- Table structure for table `SubjectRoomCategoryRooms`
--

DROP TABLE IF EXISTS `SubjectRoomCategoryRooms`;
CREATE TABLE `SubjectRoomCategoryRooms` (
  `Category` int NOT NULL DEFAULT '0',
  `Room` int NOT NULL DEFAULT '0',
  `ChangeDate` datetime NOT NULL DEFAULT '2000-01-01 00:00:00',
  `Exists` tinyint(1) DEFAULT '0'
) ENGINE=InnoDB DEFAULT CHARSET=utf8mb4 COLLATE=utf8mb4_0900_ai_ci;

-- --------------------------------------------------------

--
-- Table structure for table `SubjectRoomCategorySubjects`
--

DROP TABLE IF EXISTS `SubjectRoomCategorySubjects`;
CREATE TABLE `SubjectRoomCategorySubjects` (
  `Category` int NOT NULL DEFAULT '0',
  `Subject` int NOT NULL DEFAULT '0',
  `ChangeDate` datetime NOT NULL DEFAULT '2000-01-01 00:00:00',
  `Exists` tinyint(1) DEFAULT '0'
) ENGINE=InnoDB DEFAULT CHARSET=utf8mb4 COLLATE=utf8mb4_0900_ai_ci;

-- --------------------------------------------------------

--
-- Table structure for table `Subjects`
--

DROP TABLE IF EXISTS `Subjects`;
CREATE TABLE `Subjects` (
  `ID` int NOT NULL,
  `ChangeDate` datetime NOT NULL DEFAULT '2000-01-01 00:00:00',
  `Name` varchar(80) CHARACTER SET utf8mb4 COLLATE utf8mb4_0900_ai_ci DEFAULT '',
  `Abbreviation` varchar(30) CHARACTER SET utf8mb4 COLLATE utf8mb4_0900_ai_ci DEFAULT '',
  `Practic` tinyint(1) DEFAULT '0',
  `Optional` tinyint(1) DEFAULT '0'
) ENGINE=InnoDB DEFAULT CHARSET=utf8mb4 COLLATE=utf8mb4_0900_ai_ci;

--
-- Dumping data for table `Subjects`
--

INSERT INTO `Subjects` (`ID`, `ChangeDate`, `Name`, `Abbreviation`, `Practic`, `Optional`) VALUES
(1, '2024-04-04 20:23:11', 'Преддипломная практика', 'Практика П', 1, 0),
(2, '2024-04-04 20:23:11', 'Технологическая практика', 'Практика Т', 1, 0),
(3, '2024-04-04 20:23:11', 'Биология', 'Биология', 0, 0),
(4, '2024-04-04 20:23:11', 'Русская литература', 'Рус. литература', 0, 0),
(5, '2024-04-04 20:23:11', 'Русский язык', 'Рус. язык', 0, 0),
(6, '2024-04-04 20:23:11', 'Физика', 'Физика', 0, 0),
(7, '2024-04-04 20:23:11', 'Всемирная история', 'Всемир. история', 0, 0),
(8, '2024-04-04 20:23:11', 'Математика', 'Математика', 0, 0),
(9, '2024-04-05 09:41:07', 'Иностранный язык', 'Ин. язык', 0, 0),
(10, '2024-04-05 09:41:07', 'Обществоведение', 'Обществоведение', 0, 0),
(11, '2024-04-05 09:41:07', 'Физическая культура и здоровье', 'Физкультура', 0, 0),
(12, '2024-04-05 09:41:07', 'География', 'География', 0, 0),
(13, '2024-04-05 09:41:07', 'Химия', 'Химия', 0, 0);

-- --------------------------------------------------------

--
-- Table structure for table `Users`
--

DROP TABLE IF EXISTS `Users`;
CREATE TABLE `Users` (
  `ID` int NOT NULL,
  `Login` varchar(32) CHARACTER SET utf8mb4 COLLATE utf8mb4_0900_ai_ci DEFAULT '',
  `Password` varchar(256) CHARACTER SET utf8mb4 COLLATE utf8mb4_0900_ai_ci DEFAULT ''
) ENGINE=InnoDB DEFAULT CHARSET=utf8mb4 COLLATE=utf8mb4_0900_ai_ci;

--
-- Dumping data for table `Users`
--

INSERT INTO `Users` (`ID`, `Login`, `Password`) VALUES
(1, 'admin', '$2y$10$AmWLbP9ABHENTpCsacBGYuuXE/hhnDiWEtkY4hyPEU/Z8y9EgvQeO');

-- --------------------------------------------------------

--
-- Table structure for table `YearGraphsActivities`
--

DROP TABLE IF EXISTS `YearGraphsActivities`;
CREATE TABLE `YearGraphsActivities` (
  `ID` int NOT NULL,
  `ChangeDate` datetime NOT NULL DEFAULT '2000-01-01 00:00:00',
  `Year` int DEFAULT '0',
  `Group` int DEFAULT '0',
  `Activity` int DEFAULT '0',
  `Semester` int DEFAULT '0',
  `Week` decimal(6,3) DEFAULT '0.000',
  `Length` decimal(6,3) DEFAULT '0.000'
) ;

--
-- Dumping data for table `YearGraphsActivities`
--

INSERT INTO `YearGraphsActivities` (`ID`, `ChangeDate`, `Year`, `Group`, `Activity`, `Semester`, `Week`, `Length`) VALUES
(1, '2024-04-04 21:02:35', 2024, 1, 7, 1, '0.000', '15.000'),
(2, '2024-04-04 21:02:35', 2024, 1, 6, 1, '15.000', '1.000'),
(3, '2024-04-04 21:02:35', 2024, 1, 5, 1, '16.000', '2.000'),
(4, '2024-04-04 21:02:35', 2024, 1, 4, 2, '18.000', '4.000'),
(5, '2024-04-04 21:02:35', 2024, 1, 7, 2, '22.000', '5.000'),
(6, '2024-04-04 21:02:35', 2024, 1, 3, 2, '27.000', '4.000'),
(7, '2024-04-04 21:02:35', 2024, 1, 2, 2, '31.000', '8.000'),
(8, '2024-04-04 21:02:35', 2024, 1, 1, 2, '39.000', '1.000'),
(9, '2024-04-04 21:02:35', 2024, 2, 7, 1, '0.000', '15.000'),
(10, '2024-04-04 21:02:35', 2024, 2, 6, 1, '15.000', '1.000'),
(11, '2024-04-04 21:02:35', 2024, 2, 5, 1, '16.000', '2.000'),
(12, '2024-04-04 21:02:35', 2024, 2, 4, 2, '18.000', '4.000'),
(13, '2024-04-04 21:02:35', 2024, 2, 7, 2, '22.000', '5.000'),
(14, '2024-04-04 21:02:35', 2024, 2, 3, 2, '27.000', '4.000'),
(15, '2024-04-04 21:02:35', 2024, 2, 2, 2, '31.000', '8.000'),
(16, '2024-04-04 21:02:35', 2024, 2, 1, 2, '39.000', '1.000'),
(17, '2024-04-04 21:02:35', 2024, 3, 7, 1, '0.000', '15.000'),
(18, '2024-04-04 21:02:35', 2024, 3, 6, 1, '15.000', '1.000'),
(19, '2024-04-04 21:02:35', 2024, 3, 5, 1, '16.000', '2.000'),
(20, '2024-04-04 21:02:35', 2024, 3, 4, 2, '18.000', '4.000'),
(21, '2024-04-04 21:02:35', 2024, 3, 7, 2, '22.000', '5.000'),
(22, '2024-04-04 21:02:35', 2024, 3, 3, 2, '27.000', '4.000'),
(23, '2024-04-04 21:02:35', 2024, 3, 2, 2, '31.000', '8.000'),
(24, '2024-04-04 21:02:35', 2024, 3, 1, 2, '39.000', '1.000'),
(25, '2024-04-04 21:02:35', 2024, 4, 7, 1, '0.000', '15.000'),
(26, '2024-04-04 21:02:35', 2024, 4, 6, 1, '15.000', '1.000'),
(27, '2024-04-04 21:02:35', 2024, 4, 5, 1, '16.000', '2.000'),
(28, '2024-04-04 21:02:35', 2024, 4, 4, 2, '18.000', '4.000'),
(29, '2024-04-04 21:02:35', 2024, 4, 7, 2, '22.000', '5.000'),
(30, '2024-04-04 21:02:35', 2024, 4, 3, 2, '27.000', '4.000'),
(31, '2024-04-04 21:02:35', 2024, 4, 2, 2, '31.000', '8.000'),
(32, '2024-04-04 21:02:35', 2024, 4, 1, 2, '39.000', '1.000'),
(33, '2024-04-04 21:02:35', 2024, 5, 7, 1, '0.000', '15.000'),
(34, '2024-04-04 21:02:35', 2024, 5, 6, 1, '15.000', '1.000'),
(35, '2024-04-04 21:02:35', 2024, 5, 5, 1, '16.000', '2.000'),
(36, '2024-04-04 21:02:35', 2024, 5, 4, 2, '18.000', '4.000'),
(37, '2024-04-04 21:02:35', 2024, 5, 7, 2, '22.000', '5.000'),
(38, '2024-04-04 21:02:35', 2024, 5, 3, 2, '27.000', '4.000'),
(39, '2024-04-04 21:02:35', 2024, 5, 2, 2, '31.000', '8.000'),
(40, '2024-04-04 21:02:35', 2024, 5, 1, 2, '39.000', '1.000');

-- --------------------------------------------------------

--
-- Table structure for table `YearGroupLoadGroups`
--

DROP TABLE IF EXISTS `YearGroupLoadGroups`;
CREATE TABLE `YearGroupLoadGroups` (
  `ID` int NOT NULL,
  `ChangeDate` datetime NOT NULL DEFAULT '2000-01-01 00:00:00',
  `Load` int DEFAULT '0',
  `Group` int DEFAULT '0'
) ENGINE=InnoDB DEFAULT CHARSET=utf8mb4 COLLATE=utf8mb4_0900_ai_ci;

--
-- Dumping data for table `YearGroupLoadGroups`
--

INSERT INTO `YearGroupLoadGroups` (`ID`, `ChangeDate`, `Load`, `Group`) VALUES
(1, '2024-04-04 20:58:00', 1, 1),
(1, '2024-04-04 21:09:28', NULL, NULL),
(2, '2024-04-04 20:58:00', 2, 2),
(2, '2024-04-04 21:09:28', 2, 2),
(2, '2024-04-05 09:55:22', NULL, NULL),
(3, '2024-04-04 20:58:00', 3, 3),
(3, '2024-04-04 21:09:28', 3, 3),
(3, '2024-04-05 09:55:22', NULL, NULL),
(4, '2024-04-04 20:58:00', 4, 4),
(4, '2024-04-04 21:09:28', 4, 4),
(4, '2024-04-05 09:55:22', NULL, NULL),
(5, '2024-04-04 20:58:00', 5, 5),
(5, '2024-04-04 21:09:28', NULL, NULL),
(6, '2024-04-05 09:55:22', 6, 2),
(6, '2024-04-05 10:12:31', 6, 2),
(7, '2024-04-05 09:55:22', 7, 3),
(7, '2024-04-05 10:12:31', 7, 3),
(8, '2024-04-05 09:55:22', 8, 4),
(8, '2024-04-05 10:12:31', 8, 4);

-- --------------------------------------------------------

--
-- Table structure for table `YearGroupLoads`
--

DROP TABLE IF EXISTS `YearGroupLoads`;
CREATE TABLE `YearGroupLoads` (
  `ID` int NOT NULL,
  `ChangeDate` datetime NOT NULL DEFAULT '2000-01-01 00:00:00',
  `Year` int DEFAULT '0',
  `Name` varchar(20) CHARACTER SET utf8mb4 COLLATE utf8mb4_0900_ai_ci DEFAULT ''
) ;

--
-- Dumping data for table `YearGroupLoads`
--

INSERT INTO `YearGroupLoads` (`ID`, `ChangeDate`, `Year`, `Name`) VALUES
(1, '2024-04-04 20:58:00', 2024, '9Тест-5'),
(1, '2024-04-04 21:09:28', NULL, NULL),
(2, '2024-04-04 20:58:00', 2024, '9Тест-1'),
(2, '2024-04-04 21:09:28', 2024, '9Тест-1'),
(2, '2024-04-05 09:55:22', NULL, NULL),
(3, '2024-04-04 20:58:00', 2024, '9Тест-2'),
(3, '2024-04-04 21:09:28', 2024, '9Тест-2'),
(3, '2024-04-05 09:55:22', NULL, NULL),
(4, '2024-04-04 20:58:00', 2024, '9Тест-3'),
(4, '2024-04-04 21:09:28', 2024, '9Тест-3'),
(4, '2024-04-05 09:55:22', NULL, NULL),
(5, '2024-04-04 20:58:00', 2024, '9Тест-4'),
(5, '2024-04-04 21:09:28', NULL, NULL),
(6, '2024-04-05 09:55:22', 2024, '9Тест-1'),
(6, '2024-04-05 10:12:31', 2024, '9Тест-1'),
(7, '2024-04-05 09:55:22', 2024, '9Тест-2'),
(7, '2024-04-05 10:12:31', 2024, '9Тест-2'),
(8, '2024-04-05 09:55:22', 2024, '9Тест-3'),
(8, '2024-04-05 10:12:31', 2024, '9Тест-3');

-- --------------------------------------------------------

--
-- Table structure for table `YearGroupLoadSubjectLecturers`
--

DROP TABLE IF EXISTS `YearGroupLoadSubjectLecturers`;
CREATE TABLE `YearGroupLoadSubjectLecturers` (
  `ID` int NOT NULL,
  `ChangeDate` datetime NOT NULL DEFAULT '2000-01-01 00:00:00',
  `Subject` int DEFAULT '0',
  `Lecturer` int DEFAULT '0',
  `Main` tinyint(1) DEFAULT '0'
) ENGINE=InnoDB DEFAULT CHARSET=utf8mb4 COLLATE=utf8mb4_0900_ai_ci;

--
-- Dumping data for table `YearGroupLoadSubjectLecturers`
--

INSERT INTO `YearGroupLoadSubjectLecturers` (`ID`, `ChangeDate`, `Subject`, `Lecturer`, `Main`) VALUES
(1, '2024-04-04 21:00:19', 1, 1, 1),
(2, '2024-04-04 21:00:19', 2, 1, 1),
(3, '2024-04-04 21:00:19', 3, 2, 1),
(4, '2024-04-04 21:00:19', 4, 3, 1),
(5, '2024-04-04 21:00:19', 7, 4, 1),
(6, '2024-04-04 21:00:19', 8, 5, 1),
(7, '2024-04-04 21:00:19', 9, 1, 1),
(7, '2024-04-04 21:09:41', 9, 1, 1),
(8, '2024-04-04 21:00:19', 10, 1, 1),
(9, '2024-04-04 21:00:19', 11, 2, 1),
(10, '2024-04-04 21:00:19', 12, 3, 1),
(11, '2024-04-04 21:00:19', 15, 4, 1),
(12, '2024-04-04 21:00:19', 16, 5, 1),
(13, '2024-04-04 21:00:19', 17, 1, 1),
(14, '2024-04-04 21:00:19', 18, 1, 1),
(15, '2024-04-04 21:00:19', 19, 2, 1),
(16, '2024-04-04 21:00:19', 20, 3, 1),
(17, '2024-04-04 21:00:19', 23, 4, 1),
(18, '2024-04-04 21:00:19', 24, 5, 1),
(19, '2024-04-04 21:00:19', 25, 1, 1),
(20, '2024-04-04 21:00:19', 26, 1, 1),
(21, '2024-04-04 21:00:19', 27, 2, 1),
(22, '2024-04-04 21:00:19', 28, 3, 1),
(23, '2024-04-04 21:00:19', 31, 4, 1),
(24, '2024-04-04 21:00:19', 32, 5, 1),
(25, '2024-04-04 21:00:19', 33, 1, 1),
(26, '2024-04-04 21:00:19', 34, 1, 1),
(27, '2024-04-04 21:00:19', 35, 2, 1),
(28, '2024-04-04 21:00:19', 36, 3, 1),
(29, '2024-04-04 21:00:19', 39, 4, 1),
(30, '2024-04-04 21:00:19', 40, 5, 1),
(31, '2024-04-05 10:04:26', 41, 1, 1),
(32, '2024-04-05 10:04:26', 42, 1, 1),
(33, '2024-04-05 10:04:26', 43, 3, 1),
(34, '2024-04-05 10:04:26', 44, 5, 1),
(35, '2024-04-05 10:04:26', 45, 4, 1),
(36, '2024-04-05 10:04:26', 46, 4, 1),
(37, '2024-04-05 10:04:26', 47, 6, 1),
(38, '2024-04-05 10:04:26', 48, 6, 1),
(39, '2024-04-05 10:04:26', 49, 8, 1),
(40, '2024-04-05 10:04:26', 50, 8, 1),
(41, '2024-04-05 10:04:26', 51, 7, 1),
(42, '2024-04-05 10:04:26', 52, 7, 1),
(43, '2024-04-05 10:04:26', 53, 10, 1),
(44, '2024-04-05 10:04:26', 54, 10, 1),
(45, '2024-04-05 10:04:26', 57, 2, 1),
(46, '2024-04-05 10:04:26', 58, 9, 1),
(47, '2024-04-05 10:04:26', 59, 1, 1),
(48, '2024-04-05 10:04:26', 60, 1, 1),
(49, '2024-04-05 10:04:26', 61, 3, 1),
(50, '2024-04-05 10:04:26', 62, 5, 1),
(51, '2024-04-05 10:04:26', 63, 4, 1),
(52, '2024-04-05 10:04:26', 64, 4, 1),
(53, '2024-04-05 10:04:26', 65, 6, 1),
(54, '2024-04-05 10:04:26', 66, 6, 1),
(55, '2024-04-05 10:04:26', 67, 8, 1),
(56, '2024-04-05 10:04:26', 68, 8, 1),
(57, '2024-04-05 10:04:26', 69, 7, 1),
(58, '2024-04-05 10:04:26', 70, 7, 1),
(59, '2024-04-05 10:04:26', 71, 10, 1),
(60, '2024-04-05 10:04:26', 72, 10, 1),
(61, '2024-04-05 10:04:26', 75, 2, 1),
(62, '2024-04-05 10:04:26', 76, 9, 1),
(63, '2024-04-05 10:04:26', 77, 1, 1),
(64, '2024-04-05 10:04:26', 78, 1, 1),
(65, '2024-04-05 10:04:26', 79, 3, 1),
(66, '2024-04-05 10:04:26', 80, 5, 1),
(67, '2024-04-05 10:04:26', 81, 4, 1),
(68, '2024-04-05 10:04:26', 82, 4, 1),
(69, '2024-04-05 10:04:26', 83, 6, 1),
(70, '2024-04-05 10:04:26', 84, 6, 1),
(71, '2024-04-05 10:04:26', 85, 8, 1),
(72, '2024-04-05 10:04:26', 86, 8, 1),
(73, '2024-04-05 10:04:26', 87, 7, 1),
(74, '2024-04-05 10:04:26', 88, 7, 1),
(75, '2024-04-05 10:04:26', 89, 10, 1),
(76, '2024-04-05 10:04:26', 90, 10, 1),
(77, '2024-04-05 10:04:26', 93, 2, 1),
(78, '2024-04-05 10:04:26', 94, 9, 1);

-- --------------------------------------------------------

--
-- Table structure for table `YearGroupLoadSubjects`
--

DROP TABLE IF EXISTS `YearGroupLoadSubjects`;
CREATE TABLE `YearGroupLoadSubjects` (
  `ID` int NOT NULL,
  `ChangeDate` datetime NOT NULL DEFAULT '2000-01-01 00:00:00',
  `Load` int DEFAULT '0',
  `Subject` int DEFAULT '0',
  `Name` varchar(80) CHARACTER SET utf8mb4 COLLATE utf8mb4_0900_ai_ci DEFAULT '',
  `Abbreviation` varchar(30) CHARACTER SET utf8mb4 COLLATE utf8mb4_0900_ai_ci DEFAULT '',
  `OneHourPrior` tinyint(1) DEFAULT '0',
  `Semester` int DEFAULT '0',
  `Hours` int DEFAULT '0',
  `WHours` int DEFAULT '0',
  `LPHours` int DEFAULT '0',
  `CDHours` int DEFAULT '0',
  `CDPHours` int DEFAULT '0',
  `EHours` int DEFAULT '0'
) ;

--
-- Dumping data for table `YearGroupLoadSubjects`
--

INSERT INTO `YearGroupLoadSubjects` (`ID`, `ChangeDate`, `Load`, `Subject`, `Name`, `Abbreviation`, `OneHourPrior`, `Semester`, `Hours`, `WHours`, `LPHours`, `CDHours`, `CDPHours`, `EHours`) VALUES
(1, '2024-04-04 20:58:00', 1, 4, 'Русская литература', 'Рус. литература', 0, 1, 40, 3, 0, 0, 0, 0),
(1, '2024-04-04 21:09:28', NULL, NULL, NULL, NULL, NULL, NULL, NULL, NULL, NULL, NULL, NULL, NULL),
(2, '2024-04-04 20:58:00', 1, 5, 'Русский язык', 'Рус. язык', 0, 1, 60, 4, 0, 0, 0, 7),
(2, '2024-04-04 21:09:28', NULL, NULL, NULL, NULL, NULL, NULL, NULL, NULL, NULL, NULL, NULL, NULL),
(3, '2024-04-04 20:58:00', 1, 7, 'Всемирная история', 'Всемир. история', 0, 1, 40, 3, 0, 0, 0, 0),
(3, '2024-04-04 21:09:28', NULL, NULL, NULL, NULL, NULL, NULL, NULL, NULL, NULL, NULL, NULL, NULL),
(4, '2024-04-04 20:58:00', 1, 8, 'Математика', 'Математика', 0, 1, 120, 8, 0, 0, 0, 7),
(4, '2024-04-04 21:09:28', NULL, NULL, NULL, NULL, NULL, NULL, NULL, NULL, NULL, NULL, NULL, NULL),
(5, '2024-04-04 20:58:00', 1, 1, 'Преддипломная практика', 'Практика П', 0, 2, 144, 36, 0, 0, 0, 0),
(5, '2024-04-04 21:09:28', NULL, NULL, NULL, NULL, NULL, NULL, NULL, NULL, NULL, NULL, NULL, NULL),
(6, '2024-04-04 20:58:00', 1, 2, 'Технологическая практика', 'Практика Т', 0, 2, 144, 36, 0, 0, 0, 0),
(6, '2024-04-04 21:09:28', NULL, NULL, NULL, NULL, NULL, NULL, NULL, NULL, NULL, NULL, NULL, NULL),
(7, '2024-04-04 20:58:00', 1, 3, 'Биология', 'Биология', 0, 2, 40, 8, 4, 0, 0, 0),
(7, '2024-04-04 21:09:28', NULL, NULL, NULL, NULL, NULL, NULL, NULL, NULL, NULL, NULL, NULL, NULL),
(8, '2024-04-04 20:58:00', 1, 6, 'Физика', 'Физика', 0, 2, 40, 8, 4, 0, 0, 0),
(8, '2024-04-04 21:09:28', NULL, NULL, NULL, NULL, NULL, NULL, NULL, NULL, NULL, NULL, NULL, NULL),
(9, '2024-04-04 20:58:00', 2, 4, 'Русская литература', 'Рус. литература', 0, 1, 40, 3, 0, 0, 0, 0),
(9, '2024-04-04 21:09:28', 2, 4, 'Русская литература', 'Рус. литература', 0, 1, 40, 3, 0, 0, 0, 0),
(9, '2024-04-05 09:55:22', NULL, NULL, NULL, NULL, NULL, NULL, NULL, NULL, NULL, NULL, NULL, NULL),
(10, '2024-04-04 20:58:00', 2, 5, 'Русский язык', 'Рус. язык', 0, 1, 60, 4, 0, 0, 0, 7),
(10, '2024-04-04 21:09:28', 2, 5, 'Русский язык', 'Рус. язык', 0, 1, 60, 4, 0, 0, 0, 7),
(10, '2024-04-05 09:55:22', NULL, NULL, NULL, NULL, NULL, NULL, NULL, NULL, NULL, NULL, NULL, NULL),
(11, '2024-04-04 20:58:00', 2, 7, 'Всемирная история', 'Всемир. история', 0, 1, 40, 3, 0, 0, 0, 0),
(11, '2024-04-04 21:09:28', 2, 7, 'Всемирная история', 'Всемир. история', 0, 1, 40, 3, 0, 0, 0, 0),
(11, '2024-04-05 09:55:22', NULL, NULL, NULL, NULL, NULL, NULL, NULL, NULL, NULL, NULL, NULL, NULL),
(12, '2024-04-04 20:58:00', 2, 8, 'Математика', 'Математика', 0, 1, 120, 8, 0, 0, 0, 7),
(12, '2024-04-04 21:09:28', 2, 8, 'Математика', 'Математика', 0, 1, 120, 8, 0, 0, 0, 7),
(12, '2024-04-05 09:55:22', NULL, NULL, NULL, NULL, NULL, NULL, NULL, NULL, NULL, NULL, NULL, NULL),
(13, '2024-04-04 20:58:00', 2, 1, 'Преддипломная практика', 'Практика П', 0, 2, 144, 36, 0, 0, 0, 0),
(13, '2024-04-04 21:09:28', 2, 1, 'Преддипломная практика', 'Практика П', 0, 2, 144, 36, 0, 0, 0, 0),
(13, '2024-04-05 09:55:22', NULL, NULL, NULL, NULL, NULL, NULL, NULL, NULL, NULL, NULL, NULL, NULL),
(14, '2024-04-04 20:58:00', 2, 2, 'Технологическая практика', 'Практика Т', 0, 2, 144, 36, 0, 0, 0, 0),
(14, '2024-04-04 21:09:28', 2, 2, 'Технологическая практика', 'Практика Т', 0, 2, 144, 36, 0, 0, 0, 0),
(14, '2024-04-05 09:55:22', NULL, NULL, NULL, NULL, NULL, NULL, NULL, NULL, NULL, NULL, NULL, NULL),
(15, '2024-04-04 20:58:00', 2, 3, 'Биология', 'Биология', 0, 2, 40, 8, 4, 0, 0, 0),
(15, '2024-04-04 21:09:28', 2, 3, 'Биология', 'Биология', 0, 2, 40, 8, 4, 0, 0, 0),
(15, '2024-04-05 09:55:22', NULL, NULL, NULL, NULL, NULL, NULL, NULL, NULL, NULL, NULL, NULL, NULL),
(16, '2024-04-04 20:58:00', 2, 6, 'Физика', 'Физика', 0, 2, 40, 8, 4, 0, 0, 0),
(16, '2024-04-04 21:09:28', 2, 6, 'Физика', 'Физика', 0, 2, 40, 8, 4, 0, 0, 0),
(16, '2024-04-05 09:55:22', NULL, NULL, NULL, NULL, NULL, NULL, NULL, NULL, NULL, NULL, NULL, NULL),
(17, '2024-04-04 20:58:00', 3, 4, 'Русская литература', 'Рус. литература', 0, 1, 40, 3, 0, 0, 0, 0),
(17, '2024-04-04 21:09:28', 3, 4, 'Русская литература', 'Рус. литература', 0, 1, 40, 3, 0, 0, 0, 0),
(17, '2024-04-05 09:55:22', NULL, NULL, NULL, NULL, NULL, NULL, NULL, NULL, NULL, NULL, NULL, NULL),
(18, '2024-04-04 20:58:00', 3, 5, 'Русский язык', 'Рус. язык', 0, 1, 60, 4, 0, 0, 0, 7),
(18, '2024-04-04 21:09:28', 3, 5, 'Русский язык', 'Рус. язык', 0, 1, 60, 4, 0, 0, 0, 7),
(18, '2024-04-05 09:55:22', NULL, NULL, NULL, NULL, NULL, NULL, NULL, NULL, NULL, NULL, NULL, NULL),
(19, '2024-04-04 20:58:00', 3, 7, 'Всемирная история', 'Всемир. история', 0, 1, 40, 3, 0, 0, 0, 0),
(19, '2024-04-04 21:09:28', 3, 7, 'Всемирная история', 'Всемир. история', 0, 1, 40, 3, 0, 0, 0, 0),
(19, '2024-04-05 09:55:22', NULL, NULL, NULL, NULL, NULL, NULL, NULL, NULL, NULL, NULL, NULL, NULL),
(20, '2024-04-04 20:58:00', 3, 8, 'Математика', 'Математика', 0, 1, 120, 8, 0, 0, 0, 7),
(20, '2024-04-04 21:09:28', 3, 8, 'Математика', 'Математика', 0, 1, 120, 8, 0, 0, 0, 7),
(20, '2024-04-05 09:55:22', NULL, NULL, NULL, NULL, NULL, NULL, NULL, NULL, NULL, NULL, NULL, NULL),
(21, '2024-04-04 20:58:00', 3, 1, 'Преддипломная практика', 'Практика П', 0, 2, 144, 36, 0, 0, 0, 0),
(21, '2024-04-04 21:09:28', 3, 1, 'Преддипломная практика', 'Практика П', 0, 2, 144, 36, 0, 0, 0, 0),
(21, '2024-04-05 09:55:22', NULL, NULL, NULL, NULL, NULL, NULL, NULL, NULL, NULL, NULL, NULL, NULL),
(22, '2024-04-04 20:58:00', 3, 2, 'Технологическая практика', 'Практика Т', 0, 2, 144, 36, 0, 0, 0, 0),
(22, '2024-04-04 21:09:28', 3, 2, 'Технологическая практика', 'Практика Т', 0, 2, 144, 36, 0, 0, 0, 0),
(22, '2024-04-05 09:55:22', NULL, NULL, NULL, NULL, NULL, NULL, NULL, NULL, NULL, NULL, NULL, NULL),
(23, '2024-04-04 20:58:00', 3, 3, 'Биология', 'Биология', 0, 2, 40, 8, 4, 0, 0, 0),
(23, '2024-04-04 21:09:28', 3, 3, 'Биология', 'Биология', 0, 2, 40, 8, 4, 0, 0, 0),
(23, '2024-04-05 09:55:22', NULL, NULL, NULL, NULL, NULL, NULL, NULL, NULL, NULL, NULL, NULL, NULL),
(24, '2024-04-04 20:58:00', 3, 6, 'Физика', 'Физика', 0, 2, 40, 8, 4, 0, 0, 0),
(24, '2024-04-04 21:09:28', 3, 6, 'Физика', 'Физика', 0, 2, 40, 8, 4, 0, 0, 0),
(24, '2024-04-05 09:55:22', NULL, NULL, NULL, NULL, NULL, NULL, NULL, NULL, NULL, NULL, NULL, NULL),
(25, '2024-04-04 20:58:00', 4, 4, 'Русская литература', 'Рус. литература', 0, 1, 40, 3, 0, 0, 0, 0),
(25, '2024-04-04 21:09:28', 4, 4, 'Русская литература', 'Рус. литература', 0, 1, 40, 3, 0, 0, 0, 0),
(25, '2024-04-05 09:55:22', NULL, NULL, NULL, NULL, NULL, NULL, NULL, NULL, NULL, NULL, NULL, NULL),
(26, '2024-04-04 20:58:00', 4, 5, 'Русский язык', 'Рус. язык', 0, 1, 60, 4, 0, 0, 0, 7),
(26, '2024-04-04 21:09:28', 4, 5, 'Русский язык', 'Рус. язык', 0, 1, 60, 4, 0, 0, 0, 7),
(26, '2024-04-05 09:55:22', NULL, NULL, NULL, NULL, NULL, NULL, NULL, NULL, NULL, NULL, NULL, NULL),
(27, '2024-04-04 20:58:00', 4, 7, 'Всемирная история', 'Всемир. история', 0, 1, 40, 3, 0, 0, 0, 0),
(27, '2024-04-04 21:09:28', 4, 7, 'Всемирная история', 'Всемир. история', 0, 1, 40, 3, 0, 0, 0, 0),
(27, '2024-04-05 09:55:22', NULL, NULL, NULL, NULL, NULL, NULL, NULL, NULL, NULL, NULL, NULL, NULL),
(28, '2024-04-04 20:58:00', 4, 8, 'Математика', 'Математика', 0, 1, 120, 8, 0, 0, 0, 7),
(28, '2024-04-04 21:09:28', 4, 8, 'Математика', 'Математика', 0, 1, 120, 8, 0, 0, 0, 7),
(28, '2024-04-05 09:55:22', NULL, NULL, NULL, NULL, NULL, NULL, NULL, NULL, NULL, NULL, NULL, NULL),
(29, '2024-04-04 20:58:00', 4, 1, 'Преддипломная практика', 'Практика П', 0, 2, 144, 36, 0, 0, 0, 0),
(29, '2024-04-04 21:09:28', 4, 1, 'Преддипломная практика', 'Практика П', 0, 2, 144, 36, 0, 0, 0, 0),
(29, '2024-04-05 09:55:22', NULL, NULL, NULL, NULL, NULL, NULL, NULL, NULL, NULL, NULL, NULL, NULL),
(30, '2024-04-04 20:58:00', 4, 2, 'Технологическая практика', 'Практика Т', 0, 2, 144, 36, 0, 0, 0, 0),
(30, '2024-04-04 21:09:28', 4, 2, 'Технологическая практика', 'Практика Т', 0, 2, 144, 36, 0, 0, 0, 0),
(30, '2024-04-05 09:55:22', NULL, NULL, NULL, NULL, NULL, NULL, NULL, NULL, NULL, NULL, NULL, NULL),
(31, '2024-04-04 20:58:00', 4, 3, 'Биология', 'Биология', 0, 2, 40, 8, 4, 0, 0, 0),
(31, '2024-04-04 21:09:28', 4, 3, 'Биология', 'Биология', 0, 2, 40, 8, 4, 0, 0, 0),
(31, '2024-04-05 09:55:22', NULL, NULL, NULL, NULL, NULL, NULL, NULL, NULL, NULL, NULL, NULL, NULL),
(32, '2024-04-04 20:58:00', 4, 6, 'Физика', 'Физика', 0, 2, 40, 8, 4, 0, 0, 0),
(32, '2024-04-04 21:09:28', 4, 6, 'Физика', 'Физика', 0, 2, 40, 8, 4, 0, 0, 0),
(32, '2024-04-05 09:55:22', NULL, NULL, NULL, NULL, NULL, NULL, NULL, NULL, NULL, NULL, NULL, NULL),
(33, '2024-04-04 20:58:00', 5, 4, 'Русская литература', 'Рус. литература', 0, 1, 40, 3, 0, 0, 0, 0),
(33, '2024-04-04 21:09:28', NULL, NULL, NULL, NULL, NULL, NULL, NULL, NULL, NULL, NULL, NULL, NULL),
(34, '2024-04-04 20:58:00', 5, 5, 'Русский язык', 'Рус. язык', 0, 1, 60, 4, 0, 0, 0, 7),
(34, '2024-04-04 21:09:28', NULL, NULL, NULL, NULL, NULL, NULL, NULL, NULL, NULL, NULL, NULL, NULL),
(35, '2024-04-04 20:58:00', 5, 7, 'Всемирная история', 'Всемир. история', 0, 1, 40, 3, 0, 0, 0, 0),
(35, '2024-04-04 21:09:28', NULL, NULL, NULL, NULL, NULL, NULL, NULL, NULL, NULL, NULL, NULL, NULL),
(36, '2024-04-04 20:58:00', 5, 8, 'Математика', 'Математика', 0, 1, 120, 8, 0, 0, 0, 7),
(36, '2024-04-04 21:09:28', NULL, NULL, NULL, NULL, NULL, NULL, NULL, NULL, NULL, NULL, NULL, NULL),
(37, '2024-04-04 20:58:00', 5, 1, 'Преддипломная практика', 'Практика П', 0, 2, 144, 36, 0, 0, 0, 0),
(37, '2024-04-04 21:09:28', NULL, NULL, NULL, NULL, NULL, NULL, NULL, NULL, NULL, NULL, NULL, NULL),
(38, '2024-04-04 20:58:00', 5, 2, 'Технологическая практика', 'Практика Т', 0, 2, 144, 36, 0, 0, 0, 0),
(38, '2024-04-04 21:09:28', NULL, NULL, NULL, NULL, NULL, NULL, NULL, NULL, NULL, NULL, NULL, NULL),
(39, '2024-04-04 20:58:00', 5, 3, 'Биология', 'Биология', 0, 2, 40, 8, 4, 0, 0, 0),
(39, '2024-04-04 21:09:28', NULL, NULL, NULL, NULL, NULL, NULL, NULL, NULL, NULL, NULL, NULL, NULL),
(40, '2024-04-04 20:58:00', 5, 6, 'Физика', 'Физика', 0, 2, 40, 8, 4, 0, 0, 0),
(40, '2024-04-04 21:09:28', NULL, NULL, NULL, NULL, NULL, NULL, NULL, NULL, NULL, NULL, NULL, NULL),
(41, '2024-04-05 09:55:22', 6, 4, 'Русская литература', 'Рус. литература', 0, 1, 40, 3, 0, 0, 0, 0),
(41, '2024-04-05 10:12:31', 6, 4, 'Русская литература', 'Рус. литература', 0, 1, 45, 3, 0, 0, 0, 0),
(42, '2024-04-05 09:55:22', 6, 5, 'Русский язык', 'Рус. язык', 0, 1, 60, 4, 0, 0, 0, 7),
(42, '2024-04-05 10:12:31', 6, 5, 'Русский язык', 'Рус. язык', 0, 1, 60, 4, 0, 0, 0, 7),
(43, '2024-04-05 09:55:22', 6, 7, 'Всемирная история', 'Всемир. история', 0, 1, 40, 3, 0, 0, 0, 0),
(43, '2024-04-05 10:12:31', 6, 7, 'Всемирная история', 'Всемир. история', 0, 1, 45, 3, 0, 0, 0, 0),
(44, '2024-04-05 09:55:22', 6, 8, 'Математика', 'Математика', 0, 1, 120, 8, 0, 0, 0, 7),
(44, '2024-04-05 10:12:31', 6, 8, 'Математика', 'Математика', 0, 1, 120, 8, 0, 0, 0, 7),
(45, '2024-04-05 09:55:22', 6, 9, 'Иностранный язык', 'Ин. язык', 0, 1, 60, 4, 0, 0, 0, 0),
(45, '2024-04-05 10:12:31', 6, 9, 'Иностранный язык', 'Ин. язык', 0, 1, 60, 4, 0, 0, 0, 0),
(46, '2024-04-05 09:55:22', 6, 9, 'Иностранный язык', 'Ин. язык', 0, 2, 20, 4, 0, 0, 0, 0),
(46, '2024-04-05 10:12:31', 6, 9, 'Иностранный язык', 'Ин. язык', 0, 2, 20, 4, 0, 0, 0, 0),
(47, '2024-04-05 09:55:22', 6, 10, 'Обществоведение', 'Обществоведение', 1, 1, 20, 1, 0, 0, 0, 0),
(47, '2024-04-05 10:12:31', 6, 10, 'Обществоведение', 'Обществоведение', 1, 1, 15, 1, 0, 0, 0, 0),
(48, '2024-04-05 09:55:22', 6, 10, 'Обществоведение', 'Обществоведение', 1, 2, 10, 2, 0, 0, 0, 0),
(48, '2024-04-05 10:12:31', 6, 10, 'Обществоведение', 'Обществоведение', 1, 2, 10, 2, 0, 0, 0, 0),
(49, '2024-04-05 09:55:22', 6, 11, 'Физическая культура и здоровье', 'Физкультура', 0, 1, 40, 3, 0, 0, 0, 0),
(49, '2024-04-05 10:12:31', 6, 11, 'Физическая культура и здоровье', 'Физкультура', 0, 1, 45, 3, 0, 0, 0, 0),
(50, '2024-04-05 09:55:22', 6, 11, 'Физическая культура и здоровье', 'Физкультура', 0, 2, 20, 4, 0, 0, 0, 0),
(50, '2024-04-05 10:12:31', 6, 11, 'Физическая культура и здоровье', 'Физкультура', 0, 2, 20, 4, 0, 0, 0, 0),
(51, '2024-04-05 09:55:22', 6, 12, 'География', 'География', 1, 1, 20, 1, 0, 0, 0, 0),
(51, '2024-04-05 10:12:31', 6, 12, 'География', 'География', 1, 1, 15, 1, 0, 0, 0, 0),
(52, '2024-04-05 09:55:22', 6, 12, 'География', 'География', 1, 2, 10, 1, 0, 0, 0, 0),
(52, '2024-04-05 10:12:31', 6, 12, 'География', 'География', 1, 2, 5, 1, 0, 0, 0, 0),
(53, '2024-04-05 09:55:22', 6, 13, 'Химия', 'Химия', 0, 1, 40, 3, 4, 0, 0, 0),
(53, '2024-04-05 10:12:31', 6, 13, 'Химия', 'Химия', 0, 1, 45, 3, 4, 0, 0, 0),
(54, '2024-04-05 09:55:22', 6, 13, 'Химия', 'Химия', 0, 2, 15, 3, 1, 0, 0, 0),
(54, '2024-04-05 10:12:31', 6, 13, 'Химия', 'Химия', 0, 2, 15, 3, 1, 0, 0, 0),
(55, '2024-04-05 09:55:22', 6, 1, 'Преддипломная практика', 'Практика П', 0, 2, 144, 36, 0, 0, 0, 0),
(55, '2024-04-05 10:12:31', 6, 1, 'Преддипломная практика', 'Практика П', 0, 2, 144, 36, 0, 0, 0, 0),
(56, '2024-04-05 09:55:22', 6, 2, 'Технологическая практика', 'Практика Т', 0, 2, 144, 36, 0, 0, 0, 0),
(56, '2024-04-05 10:12:31', 6, 2, 'Технологическая практика', 'Практика Т', 0, 2, 144, 36, 0, 0, 0, 0),
(57, '2024-04-05 09:55:22', 6, 3, 'Биология', 'Биология', 0, 2, 40, 8, 4, 0, 0, 0),
(57, '2024-04-05 10:12:31', 6, 3, 'Биология', 'Биология', 0, 2, 40, 8, 4, 0, 0, 0),
(58, '2024-04-05 09:55:22', 6, 6, 'Физика', 'Физика', 0, 2, 40, 8, 4, 0, 0, 0),
(58, '2024-04-05 10:12:31', 6, 6, 'Физика', 'Физика', 0, 2, 40, 8, 4, 0, 0, 0),
(59, '2024-04-05 09:55:22', 7, 4, 'Русская литература', 'Рус. литература', 0, 1, 40, 3, 0, 0, 0, 0),
(59, '2024-04-05 10:12:31', 7, 4, 'Русская литература', 'Рус. литература', 0, 1, 45, 3, 0, 0, 0, 0),
(60, '2024-04-05 09:55:22', 7, 5, 'Русский язык', 'Рус. язык', 0, 1, 60, 4, 0, 0, 0, 7),
(60, '2024-04-05 10:12:31', 7, 5, 'Русский язык', 'Рус. язык', 0, 1, 60, 4, 0, 0, 0, 7),
(61, '2024-04-05 09:55:22', 7, 7, 'Всемирная история', 'Всемир. история', 0, 1, 40, 3, 0, 0, 0, 0),
(61, '2024-04-05 10:12:31', 7, 7, 'Всемирная история', 'Всемир. история', 0, 1, 45, 3, 0, 0, 0, 0),
(62, '2024-04-05 09:55:22', 7, 8, 'Математика', 'Математика', 0, 1, 120, 8, 0, 0, 0, 7),
(62, '2024-04-05 10:12:31', 7, 8, 'Математика', 'Математика', 0, 1, 120, 8, 0, 0, 0, 7),
(63, '2024-04-05 09:55:22', 7, 9, 'Иностранный язык', 'Ин. язык', 0, 1, 60, 4, 0, 0, 0, 0),
(63, '2024-04-05 10:12:31', 7, 9, 'Иностранный язык', 'Ин. язык', 0, 1, 60, 4, 0, 0, 0, 0),
(64, '2024-04-05 09:55:22', 7, 9, 'Иностранный язык', 'Ин. язык', 0, 2, 20, 4, 0, 0, 0, 0),
(64, '2024-04-05 10:12:31', 7, 9, 'Иностранный язык', 'Ин. язык', 0, 2, 20, 4, 0, 0, 0, 0),
(65, '2024-04-05 09:55:22', 7, 10, 'Обществоведение', 'Обществоведение', 1, 1, 20, 1, 0, 0, 0, 0),
(65, '2024-04-05 10:12:31', 7, 10, 'Обществоведение', 'Обществоведение', 1, 1, 15, 1, 0, 0, 0, 0),
(66, '2024-04-05 09:55:22', 7, 10, 'Обществоведение', 'Обществоведение', 0, 2, 10, 2, 0, 0, 0, 0),
(66, '2024-04-05 10:12:31', 7, 10, 'Обществоведение', 'Обществоведение', 1, 2, 10, 2, 0, 0, 0, 0),
(67, '2024-04-05 09:55:22', 7, 11, 'Физическая культура и здоровье', 'Физкультура', 0, 1, 40, 3, 0, 0, 0, 0),
(67, '2024-04-05 10:12:31', 7, 11, 'Физическая культура и здоровье', 'Физкультура', 0, 1, 45, 3, 0, 0, 0, 0),
(68, '2024-04-05 09:55:22', 7, 11, 'Физическая культура и здоровье', 'Физкультура', 0, 2, 20, 4, 0, 0, 0, 0),
(68, '2024-04-05 10:12:31', 7, 11, 'Физическая культура и здоровье', 'Физкультура', 0, 2, 20, 4, 0, 0, 0, 0),
(69, '2024-04-05 09:55:22', 7, 12, 'География', 'География', 1, 1, 20, 1, 0, 0, 0, 0),
(69, '2024-04-05 10:12:31', 7, 12, 'География', 'География', 1, 1, 15, 1, 0, 0, 0, 0),
(70, '2024-04-05 09:55:22', 7, 12, 'География', 'География', 1, 2, 10, 1, 0, 0, 0, 0),
(70, '2024-04-05 10:12:31', 7, 12, 'География', 'География', 1, 2, 5, 1, 0, 0, 0, 0),
(71, '2024-04-05 09:55:22', 7, 13, 'Химия', 'Химия', 0, 1, 40, 3, 4, 0, 0, 0),
(71, '2024-04-05 10:12:31', 7, 13, 'Химия', 'Химия', 0, 1, 45, 3, 4, 0, 0, 0),
(72, '2024-04-05 09:55:22', 7, 13, 'Химия', 'Химия', 0, 2, 15, 3, 1, 0, 0, 0),
(72, '2024-04-05 10:12:31', 7, 13, 'Химия', 'Химия', 0, 2, 15, 3, 1, 0, 0, 0),
(73, '2024-04-05 09:55:22', 7, 1, 'Преддипломная практика', 'Практика П', 0, 2, 144, 36, 0, 0, 0, 0),
(73, '2024-04-05 10:12:31', 7, 1, 'Преддипломная практика', 'Практика П', 0, 2, 144, 36, 0, 0, 0, 0),
(74, '2024-04-05 09:55:22', 7, 2, 'Технологическая практика', 'Практика Т', 0, 2, 144, 36, 0, 0, 0, 0),
(74, '2024-04-05 10:12:31', 7, 2, 'Технологическая практика', 'Практика Т', 0, 2, 144, 36, 0, 0, 0, 0),
(75, '2024-04-05 09:55:22', 7, 3, 'Биология', 'Биология', 0, 2, 40, 8, 4, 0, 0, 0),
(75, '2024-04-05 10:12:31', 7, 3, 'Биология', 'Биология', 0, 2, 40, 8, 4, 0, 0, 0),
(76, '2024-04-05 09:55:22', 7, 6, 'Физика', 'Физика', 0, 2, 40, 8, 4, 0, 0, 0),
(76, '2024-04-05 10:12:31', 7, 6, 'Физика', 'Физика', 0, 2, 40, 8, 4, 0, 0, 0),
(77, '2024-04-05 09:55:22', 8, 4, 'Русская литература', 'Рус. литература', 0, 1, 40, 3, 0, 0, 0, 0),
(77, '2024-04-05 10:12:31', 8, 4, 'Русская литература', 'Рус. литература', 0, 1, 45, 3, 0, 0, 0, 0),
(78, '2024-04-05 09:55:22', 8, 5, 'Русский язык', 'Рус. язык', 0, 1, 60, 4, 0, 0, 0, 7),
(78, '2024-04-05 10:12:31', 8, 5, 'Русский язык', 'Рус. язык', 0, 1, 60, 4, 0, 0, 0, 7),
(79, '2024-04-05 09:55:22', 8, 7, 'Всемирная история', 'Всемир. история', 0, 1, 40, 3, 0, 0, 0, 0),
(79, '2024-04-05 10:12:31', 8, 7, 'Всемирная история', 'Всемир. история', 0, 1, 45, 3, 0, 0, 0, 0),
(80, '2024-04-05 09:55:22', 8, 8, 'Математика', 'Математика', 0, 1, 120, 8, 0, 0, 0, 7),
(80, '2024-04-05 10:12:31', 8, 8, 'Математика', 'Математика', 0, 1, 120, 8, 0, 0, 0, 7),
(81, '2024-04-05 09:55:22', 8, 9, 'Иностранный язык', 'Ин. язык', 0, 1, 60, 4, 0, 0, 0, 0),
(81, '2024-04-05 10:12:31', 8, 9, 'Иностранный язык', 'Ин. язык', 0, 1, 60, 4, 0, 0, 0, 0),
(82, '2024-04-05 09:55:22', 8, 9, 'Иностранный язык', 'Ин. язык', 0, 2, 20, 4, 0, 0, 0, 0),
(82, '2024-04-05 10:12:31', 8, 9, 'Иностранный язык', 'Ин. язык', 0, 2, 20, 4, 0, 0, 0, 0),
(83, '2024-04-05 09:55:22', 8, 10, 'Обществоведение', 'Обществоведение', 1, 1, 20, 1, 0, 0, 0, 0),
(83, '2024-04-05 10:12:31', 8, 10, 'Обществоведение', 'Обществоведение', 1, 1, 15, 1, 0, 0, 0, 0),
(84, '2024-04-05 09:55:22', 8, 10, 'Обществоведение', 'Обществоведение', 0, 2, 10, 2, 0, 0, 0, 0),
(84, '2024-04-05 10:12:31', 8, 10, 'Обществоведение', 'Обществоведение', 1, 2, 10, 2, 0, 0, 0, 0),
(85, '2024-04-05 09:55:22', 8, 11, 'Физическая культура и здоровье', 'Физкультура', 0, 1, 40, 3, 0, 0, 0, 0),
(85, '2024-04-05 10:12:31', 8, 11, 'Физическая культура и здоровье', 'Физкультура', 0, 1, 45, 3, 0, 0, 0, 0),
(86, '2024-04-05 09:55:22', 8, 11, 'Физическая культура и здоровье', 'Физкультура', 0, 2, 20, 4, 0, 0, 0, 0),
(86, '2024-04-05 10:12:31', 8, 11, 'Физическая культура и здоровье', 'Физкультура', 0, 2, 20, 4, 0, 0, 0, 0),
(87, '2024-04-05 09:55:22', 8, 12, 'География', 'География', 1, 1, 20, 1, 0, 0, 0, 0),
(87, '2024-04-05 10:12:31', 8, 12, 'География', 'География', 1, 1, 15, 1, 0, 0, 0, 0),
(88, '2024-04-05 09:55:22', 8, 12, 'География', 'География', 1, 2, 10, 1, 0, 0, 0, 0),
(88, '2024-04-05 10:12:31', 8, 12, 'География', 'География', 1, 2, 5, 1, 0, 0, 0, 0),
(89, '2024-04-05 09:55:22', 8, 13, 'Химия', 'Химия', 0, 1, 40, 3, 4, 0, 0, 0),
(89, '2024-04-05 10:12:31', 8, 13, 'Химия', 'Химия', 0, 1, 45, 3, 4, 0, 0, 0),
(90, '2024-04-05 09:55:22', 8, 13, 'Химия', 'Химия', 0, 2, 15, 3, 1, 0, 0, 0),
(90, '2024-04-05 10:12:31', 8, 13, 'Химия', 'Химия', 0, 2, 15, 3, 1, 0, 0, 0),
(91, '2024-04-05 09:55:22', 8, 1, 'Преддипломная практика', 'Практика П', 0, 2, 144, 36, 0, 0, 0, 0),
(91, '2024-04-05 10:12:31', 8, 1, 'Преддипломная практика', 'Практика П', 0, 2, 144, 36, 0, 0, 0, 0),
(92, '2024-04-05 09:55:22', 8, 2, 'Технологическая практика', 'Практика Т', 0, 2, 144, 36, 0, 0, 0, 0),
(92, '2024-04-05 10:12:31', 8, 2, 'Технологическая практика', 'Практика Т', 0, 2, 144, 36, 0, 0, 0, 0),
(93, '2024-04-05 09:55:22', 8, 3, 'Биология', 'Биология', 0, 2, 40, 8, 4, 0, 0, 0),
(93, '2024-04-05 10:12:31', 8, 3, 'Биология', 'Биология', 0, 2, 40, 8, 4, 0, 0, 0),
(94, '2024-04-05 09:55:22', 8, 6, 'Физика', 'Физика', 0, 2, 40, 8, 4, 0, 0, 0),
(94, '2024-04-05 10:12:31', 8, 6, 'Физика', 'Физика', 0, 2, 40, 8, 4, 0, 0, 0);

--
-- Indexes for dumped tables
--

--
-- Indexes for table `Activities`
--
ALTER TABLE `Activities`
  ADD PRIMARY KEY (`ID`,`ChangeDate`),
  ADD KEY `ID` (`ID`),
  ADD KEY `ChangeDate` (`ChangeDate`);

--
-- Indexes for table `ActivitySubjects`
--
ALTER TABLE `ActivitySubjects`
  ADD PRIMARY KEY (`Subject`,`ChangeDate`),
  ADD KEY `Subject` (`Subject`),
  ADD KEY `ChangeDate` (`ChangeDate`),
  ADD KEY `Activity` (`Activity`);

--
-- Indexes for table `Areas`
--
ALTER TABLE `Areas`
  ADD PRIMARY KEY (`ID`,`ChangeDate`),
  ADD KEY `ID` (`ID`),
  ADD KEY `ChangeDate` (`ChangeDate`);

--
-- Indexes for table `AttachedRooms`
--
ALTER TABLE `AttachedRooms`
  ADD PRIMARY KEY (`Room`,`ChangeDate`),
  ADD KEY `Room` (`Room`),
  ADD KEY `ChangeDate` (`ChangeDate`),
  ADD KEY `Lecturer` (`Lecturer`);

--
-- Indexes for table `BellsSchedules`
--
ALTER TABLE `BellsSchedules`
  ADD PRIMARY KEY (`ID`,`ChangeDate`),
  ADD KEY `ID` (`ID`),
  ADD KEY `ChangeDate` (`ChangeDate`);

--
-- Indexes for table `BellsScheduleTimes`
--
ALTER TABLE `BellsScheduleTimes`
  ADD PRIMARY KEY (`Schedule`,`Hour`,`ChangeDate`),
  ADD KEY `Schedule` (`Schedule`),
  ADD KEY `Hour` (`Hour`),
  ADD KEY `ChangeDate` (`ChangeDate`);

--
-- Indexes for table `Config`
--
ALTER TABLE `Config`
  ADD PRIMARY KEY (`Parameter`,`ChangeDate`),
  ADD KEY `Parameter` (`Parameter`),
  ADD KEY `ChangeDate` (`ChangeDate`);

--
-- Indexes for table `CurriculumActivities`
--
ALTER TABLE `CurriculumActivities`
  ADD PRIMARY KEY (`ID`,`ChangeDate`),
  ADD KEY `ID` (`ID`),
  ADD KEY `ChangeDate` (`ChangeDate`),
  ADD KEY `Curriculum` (`Curriculum`),
  ADD KEY `Activity` (`Activity`);

--
-- Indexes for table `Curriculums`
--
ALTER TABLE `Curriculums`
  ADD PRIMARY KEY (`ID`,`ChangeDate`),
  ADD KEY `ID` (`ID`),
  ADD KEY `ChangeDate` (`ChangeDate`),
  ADD KEY `Qualification` (`Qualification`),
  ADD KEY `EducationLevel` (`EducationLevel`);

--
-- Indexes for table `CurriculumSubjects`
--
ALTER TABLE `CurriculumSubjects`
  ADD PRIMARY KEY (`Curriculum`,`Course`,`Semester`,`Subject`,`ChangeDate`),
  ADD KEY `Curriculum` (`Curriculum`),
  ADD KEY `Course` (`Course`),
  ADD KEY `Semester` (`Semester`),
  ADD KEY `Subject` (`Subject`),
  ADD KEY `ChangeDate` (`ChangeDate`);

--
-- Indexes for table `EducationLevels`
--
ALTER TABLE `EducationLevels`
  ADD PRIMARY KEY (`ID`,`ChangeDate`),
  ADD KEY `ID` (`ID`),
  ADD KEY `ChangeDate` (`ChangeDate`);

--
-- Indexes for table `Groups`
--
ALTER TABLE `Groups`
  ADD PRIMARY KEY (`ID`,`ChangeDate`),
  ADD KEY `ID` (`ID`),
  ADD KEY `ChangeDate` (`ChangeDate`),
  ADD KEY `Curriculum` (`Curriculum`),
  ADD KEY `Area` (`Area`);

--
-- Indexes for table `Lecturers`
--
ALTER TABLE `Lecturers`
  ADD PRIMARY KEY (`ID`,`ChangeDate`),
  ADD KEY `ID` (`ID`),
  ADD KEY `ChangeDate` (`ChangeDate`);

--
-- Indexes for table `NotAvailableLecturers`
--
ALTER TABLE `NotAvailableLecturers`
  ADD PRIMARY KEY (`ID`,`NotAvalID`,`ChangeDate`),
  ADD KEY `ID` (`ID`),
  ADD KEY `NotAvalID` (`NotAvalID`),
  ADD KEY `ChangeDate` (`ChangeDate`),
  ADD KEY `Lecturer` (`Lecturer`);

--
-- Indexes for table `NotAvailableRooms`
--
ALTER TABLE `NotAvailableRooms`
  ADD PRIMARY KEY (`ID`,`NotAvalID`,`ChangeDate`),
  ADD KEY `ID` (`ID`),
  ADD KEY `NotAvalID` (`NotAvalID`),
  ADD KEY `ChangeDate` (`ChangeDate`),
  ADD KEY `Room` (`Room`);

--
-- Indexes for table `Qualifications`
--
ALTER TABLE `Qualifications`
  ADD PRIMARY KEY (`ID`,`ChangeDate`),
  ADD KEY `ID` (`ID`),
  ADD KEY `ChangeDate` (`ChangeDate`);

--
-- Indexes for table `Roles`
--
ALTER TABLE `Roles`
  ADD PRIMARY KEY (`User`,`Role`),
  ADD KEY `User` (`User`),
  ADD KEY `Role` (`Role`);

--
-- Indexes for table `Rooms`
--
ALTER TABLE `Rooms`
  ADD PRIMARY KEY (`ID`,`ChangeDate`),
  ADD KEY `ID` (`ID`),
  ADD KEY `ChangeDate` (`ChangeDate`),
  ADD KEY `Area` (`Area`);

--
-- Indexes for table `ScheduleActHours`
--
ALTER TABLE `ScheduleActHours`
  ADD PRIMARY KEY (`Schedule`,`Group`,`Hour`,`ChangeDate`),
  ADD KEY `Schedule` (`Schedule`),
  ADD KEY `Group` (`Group`),
  ADD KEY `Hour` (`Hour`),
  ADD KEY `ChangeDate` (`ChangeDate`),
  ADD KEY `Activity` (`Activity`);

--
-- Indexes for table `ScheduleHourRooms`
--
ALTER TABLE `ScheduleHourRooms`
  ADD PRIMARY KEY (`ID`,`ChangeDate`),
  ADD KEY `ID` (`ID`),
  ADD KEY `ChangeDate` (`ChangeDate`),
  ADD KEY `Schedule` (`Schedule`),
  ADD KEY `Group` (`Group`),
  ADD KEY `Lecturer` (`Lecturer`),
  ADD KEY `Room` (`Room`);

--
-- Indexes for table `ScheduleHours`
--
ALTER TABLE `ScheduleHours`
  ADD PRIMARY KEY (`Schedule`,`Group`,`Hour`,`ChangeDate`),
  ADD KEY `Schedule` (`Schedule`),
  ADD KEY `Group` (`Group`),
  ADD KEY `Hour` (`Hour`),
  ADD KEY `ChangeDate` (`ChangeDate`),
  ADD KEY `Subject` (`Subject`);

--
-- Indexes for table `Schedules`
--
ALTER TABLE `Schedules`
  ADD PRIMARY KEY (`Date`,`ChangeDate`),
  ADD KEY `Date` (`Date`),
  ADD KEY `ChangeDate` (`ChangeDate`),
  ADD KEY `Bells` (`Bells`);

--
-- Indexes for table `SemesterSchedulePairs`
--
ALTER TABLE `SemesterSchedulePairs`
  ADD PRIMARY KEY (`Year`,`Semester`,`Day`,`Load`,`Pair`,`ChangeDate`),
  ADD KEY `Year` (`Year`),
  ADD KEY `Semester` (`Semester`),
  ADD KEY `Day` (`Day`),
  ADD KEY `Load` (`Load`),
  ADD KEY `Pair` (`Pair`),
  ADD KEY `ChangeDate` (`ChangeDate`),
  ADD KEY `Subject` (`Subject`),
  ADD KEY `Subject2` (`Subject2`);

--
-- Indexes for table `SemesterSchedules`
--
ALTER TABLE `SemesterSchedules`
  ADD PRIMARY KEY (`Year`,`Semester`,`ChangeDate`),
  ADD KEY `Year` (`Year`),
  ADD KEY `Semester` (`Semester`),
  ADD KEY `ChangeDate` (`ChangeDate`);

--
-- Indexes for table `SubjectRoomCategories`
--
ALTER TABLE `SubjectRoomCategories`
  ADD PRIMARY KEY (`ID`,`ChangeDate`),
  ADD KEY `ID` (`ID`),
  ADD KEY `ChangeDate` (`ChangeDate`);

--
-- Indexes for table `SubjectRoomCategoryRooms`
--
ALTER TABLE `SubjectRoomCategoryRooms`
  ADD PRIMARY KEY (`Category`,`Room`,`ChangeDate`),
  ADD KEY `Category` (`Category`),
  ADD KEY `Room` (`Room`),
  ADD KEY `ChangeDate` (`ChangeDate`);

--
-- Indexes for table `SubjectRoomCategorySubjects`
--
ALTER TABLE `SubjectRoomCategorySubjects`
  ADD PRIMARY KEY (`Category`,`Subject`,`ChangeDate`),
  ADD KEY `Category` (`Category`),
  ADD KEY `Subject` (`Subject`),
  ADD KEY `ChangeDate` (`ChangeDate`);

--
-- Indexes for table `Subjects`
--
ALTER TABLE `Subjects`
  ADD PRIMARY KEY (`ID`,`ChangeDate`),
  ADD KEY `ID` (`ID`),
  ADD KEY `ChangeDate` (`ChangeDate`);

--
-- Indexes for table `Users`
--
ALTER TABLE `Users`
  ADD PRIMARY KEY (`ID`),
  ADD KEY `ID` (`ID`);

--
-- Indexes for table `YearGraphsActivities`
--
ALTER TABLE `YearGraphsActivities`
  ADD PRIMARY KEY (`ID`,`ChangeDate`),
  ADD KEY `ID` (`ID`),
  ADD KEY `ChangeDate` (`ChangeDate`),
  ADD KEY `Group` (`Group`),
  ADD KEY `Activity` (`Activity`);

--
-- Indexes for table `YearGroupLoadGroups`
--
ALTER TABLE `YearGroupLoadGroups`
  ADD PRIMARY KEY (`ID`,`ChangeDate`),
  ADD KEY `ID` (`ID`),
  ADD KEY `ChangeDate` (`ChangeDate`),
  ADD KEY `Load` (`Load`),
  ADD KEY `Group` (`Group`);

--
-- Indexes for table `YearGroupLoads`
--
ALTER TABLE `YearGroupLoads`
  ADD PRIMARY KEY (`ID`,`ChangeDate`),
  ADD KEY `ID` (`ID`),
  ADD KEY `ChangeDate` (`ChangeDate`);

--
-- Indexes for table `YearGroupLoadSubjectLecturers`
--
ALTER TABLE `YearGroupLoadSubjectLecturers`
  ADD PRIMARY KEY (`ID`,`ChangeDate`),
  ADD KEY `ID` (`ID`),
  ADD KEY `ChangeDate` (`ChangeDate`),
  ADD KEY `Subject` (`Subject`),
  ADD KEY `Lecturer` (`Lecturer`);

--
-- Indexes for table `YearGroupLoadSubjects`
--
ALTER TABLE `YearGroupLoadSubjects`
  ADD PRIMARY KEY (`ID`,`ChangeDate`),
  ADD KEY `ID` (`ID`),
  ADD KEY `ChangeDate` (`ChangeDate`),
  ADD KEY `Load` (`Load`),
  ADD KEY `Subject` (`Subject`);

--
-- AUTO_INCREMENT for dumped tables
--

--
-- AUTO_INCREMENT for table `Activities`
--
ALTER TABLE `Activities`
  MODIFY `ID` int NOT NULL AUTO_INCREMENT, AUTO_INCREMENT=8;

--
-- AUTO_INCREMENT for table `Areas`
--
ALTER TABLE `Areas`
  MODIFY `ID` int NOT NULL AUTO_INCREMENT, AUTO_INCREMENT=5;

--
-- AUTO_INCREMENT for table `BellsSchedules`
--
ALTER TABLE `BellsSchedules`
  MODIFY `ID` int NOT NULL AUTO_INCREMENT, AUTO_INCREMENT=2;

--
-- AUTO_INCREMENT for table `CurriculumActivities`
--
ALTER TABLE `CurriculumActivities`
  MODIFY `ID` int NOT NULL AUTO_INCREMENT;

--
-- AUTO_INCREMENT for table `Curriculums`
--
ALTER TABLE `Curriculums`
  MODIFY `ID` int NOT NULL AUTO_INCREMENT;

--
-- AUTO_INCREMENT for table `EducationLevels`
--
ALTER TABLE `EducationLevels`
  MODIFY `ID` int NOT NULL AUTO_INCREMENT;

--
-- AUTO_INCREMENT for table `Groups`
--
ALTER TABLE `Groups`
  MODIFY `ID` int NOT NULL AUTO_INCREMENT;

--
-- AUTO_INCREMENT for table `Lecturers`
--
ALTER TABLE `Lecturers`
  MODIFY `ID` int NOT NULL AUTO_INCREMENT, AUTO_INCREMENT=11;

--
-- AUTO_INCREMENT for table `NotAvailableLecturers`
--
ALTER TABLE `NotAvailableLecturers`
  MODIFY `ID` int NOT NULL AUTO_INCREMENT;

--
-- AUTO_INCREMENT for table `NotAvailableRooms`
--
ALTER TABLE `NotAvailableRooms`
  MODIFY `ID` int NOT NULL AUTO_INCREMENT;

--
-- AUTO_INCREMENT for table `Qualifications`
--
ALTER TABLE `Qualifications`
  MODIFY `ID` int NOT NULL AUTO_INCREMENT, AUTO_INCREMENT=2;

--
-- AUTO_INCREMENT for table `Rooms`
--
ALTER TABLE `Rooms`
  MODIFY `ID` int NOT NULL AUTO_INCREMENT, AUTO_INCREMENT=6;

--
-- AUTO_INCREMENT for table `ScheduleHourRooms`
--
ALTER TABLE `ScheduleHourRooms`
  MODIFY `ID` int NOT NULL AUTO_INCREMENT;

--
-- AUTO_INCREMENT for table `SubjectRoomCategories`
--
ALTER TABLE `SubjectRoomCategories`
  MODIFY `ID` int NOT NULL AUTO_INCREMENT;

--
-- AUTO_INCREMENT for table `Subjects`
--
ALTER TABLE `Subjects`
  MODIFY `ID` int NOT NULL AUTO_INCREMENT, AUTO_INCREMENT=14;

--
-- AUTO_INCREMENT for table `Users`
--
ALTER TABLE `Users`
  MODIFY `ID` int NOT NULL AUTO_INCREMENT, AUTO_INCREMENT=2;

--
-- AUTO_INCREMENT for table `YearGraphsActivities`
--
ALTER TABLE `YearGraphsActivities`
  MODIFY `ID` int NOT NULL AUTO_INCREMENT;

--
-- AUTO_INCREMENT for table `YearGroupLoadGroups`
--
ALTER TABLE `YearGroupLoadGroups`
  MODIFY `ID` int NOT NULL AUTO_INCREMENT, AUTO_INCREMENT=9;

--
-- AUTO_INCREMENT for table `YearGroupLoads`
--
ALTER TABLE `YearGroupLoads`
  MODIFY `ID` int NOT NULL AUTO_INCREMENT;

--
-- AUTO_INCREMENT for table `YearGroupLoadSubjectLecturers`
--
ALTER TABLE `YearGroupLoadSubjectLecturers`
  MODIFY `ID` int NOT NULL AUTO_INCREMENT, AUTO_INCREMENT=79;

--
-- AUTO_INCREMENT for table `YearGroupLoadSubjects`
--
ALTER TABLE `YearGroupLoadSubjects`
  MODIFY `ID` int NOT NULL AUTO_INCREMENT;

--
-- Constraints for dumped tables
--

--
-- Constraints for table `ActivitySubjects`
--
ALTER TABLE `ActivitySubjects`
  ADD CONSTRAINT `activitysubjects_ibfk_1` FOREIGN KEY (`Subject`) REFERENCES `Subjects` (`ID`) ON UPDATE RESTRICT,
  ADD CONSTRAINT `activitysubjects_ibfk_2` FOREIGN KEY (`Activity`) REFERENCES `Activities` (`ID`) ON UPDATE RESTRICT;

--
-- Constraints for table `AttachedRooms`
--
ALTER TABLE `AttachedRooms`
  ADD CONSTRAINT `attachedrooms_ibfk_1` FOREIGN KEY (`Room`) REFERENCES `Rooms` (`ID`) ON UPDATE RESTRICT,
  ADD CONSTRAINT `attachedrooms_ibfk_2` FOREIGN KEY (`Lecturer`) REFERENCES `Lecturers` (`ID`) ON UPDATE RESTRICT;

--
-- Constraints for table `BellsScheduleTimes`
--
ALTER TABLE `BellsScheduleTimes`
  ADD CONSTRAINT `bellsscheduletimes_ibfk_1` FOREIGN KEY (`Schedule`) REFERENCES `BellsSchedules` (`ID`) ON UPDATE RESTRICT;

--
-- Constraints for table `CurriculumActivities`
--
ALTER TABLE `CurriculumActivities`
  ADD CONSTRAINT `curriculumactivities_ibfk_1` FOREIGN KEY (`Curriculum`) REFERENCES `Curriculums` (`ID`) ON UPDATE RESTRICT,
  ADD CONSTRAINT `curriculumactivities_ibfk_2` FOREIGN KEY (`Activity`) REFERENCES `Activities` (`ID`) ON UPDATE RESTRICT;

--
-- Constraints for table `Curriculums`
--
ALTER TABLE `Curriculums`
  ADD CONSTRAINT `curriculums_ibfk_1` FOREIGN KEY (`Qualification`) REFERENCES `Qualifications` (`ID`) ON UPDATE RESTRICT,
  ADD CONSTRAINT `curriculums_ibfk_2` FOREIGN KEY (`EducationLevel`) REFERENCES `EducationLevels` (`ID`) ON UPDATE RESTRICT;

--
-- Constraints for table `CurriculumSubjects`
--
ALTER TABLE `CurriculumSubjects`
  ADD CONSTRAINT `curriculumsubjects_ibfk_1` FOREIGN KEY (`Curriculum`) REFERENCES `Curriculums` (`ID`) ON UPDATE RESTRICT,
  ADD CONSTRAINT `curriculumsubjects_ibfk_2` FOREIGN KEY (`Subject`) REFERENCES `Subjects` (`ID`) ON UPDATE RESTRICT;

--
-- Constraints for table `Groups`
--
ALTER TABLE `Groups`
  ADD CONSTRAINT `groups_ibfk_1` FOREIGN KEY (`Curriculum`) REFERENCES `Curriculums` (`ID`) ON UPDATE RESTRICT,
  ADD CONSTRAINT `groups_ibfk_2` FOREIGN KEY (`Area`) REFERENCES `Areas` (`ID`) ON UPDATE RESTRICT;

--
-- Constraints for table `NotAvailableLecturers`
--
ALTER TABLE `NotAvailableLecturers`
  ADD CONSTRAINT `notavailablelecturers_ibfk_1` FOREIGN KEY (`Lecturer`) REFERENCES `Lecturers` (`ID`) ON UPDATE RESTRICT;

--
-- Constraints for table `NotAvailableRooms`
--
ALTER TABLE `NotAvailableRooms`
  ADD CONSTRAINT `notavailablerooms_ibfk_1` FOREIGN KEY (`Room`) REFERENCES `Rooms` (`ID`) ON UPDATE RESTRICT;

--
-- Constraints for table `Roles`
--
ALTER TABLE `Roles`
  ADD CONSTRAINT `roles_ibfk_1` FOREIGN KEY (`User`) REFERENCES `Users` (`ID`) ON UPDATE RESTRICT;

--
-- Constraints for table `Rooms`
--
ALTER TABLE `Rooms`
  ADD CONSTRAINT `rooms_ibfk_1` FOREIGN KEY (`Area`) REFERENCES `Areas` (`ID`) ON UPDATE RESTRICT;

--
-- Constraints for table `ScheduleActHours`
--
ALTER TABLE `ScheduleActHours`
  ADD CONSTRAINT `scheduleacthours_ibfk_1` FOREIGN KEY (`Schedule`) REFERENCES `Schedules` (`Date`) ON UPDATE RESTRICT,
  ADD CONSTRAINT `scheduleacthours_ibfk_2` FOREIGN KEY (`Group`) REFERENCES `Groups` (`ID`) ON UPDATE RESTRICT,
  ADD CONSTRAINT `scheduleacthours_ibfk_3` FOREIGN KEY (`Activity`) REFERENCES `Activities` (`ID`) ON UPDATE RESTRICT;

--
-- Constraints for table `ScheduleHourRooms`
--
ALTER TABLE `ScheduleHourRooms`
  ADD CONSTRAINT `schedulehourrooms_ibfk_1` FOREIGN KEY (`Schedule`) REFERENCES `Schedules` (`Date`) ON UPDATE RESTRICT,
  ADD CONSTRAINT `schedulehourrooms_ibfk_2` FOREIGN KEY (`Group`) REFERENCES `Groups` (`ID`) ON UPDATE RESTRICT,
  ADD CONSTRAINT `schedulehourrooms_ibfk_3` FOREIGN KEY (`Lecturer`) REFERENCES `Lecturers` (`ID`) ON UPDATE RESTRICT,
  ADD CONSTRAINT `schedulehourrooms_ibfk_4` FOREIGN KEY (`Room`) REFERENCES `Rooms` (`ID`) ON UPDATE RESTRICT;

--
-- Constraints for table `ScheduleHours`
--
ALTER TABLE `ScheduleHours`
  ADD CONSTRAINT `schedulehours_ibfk_1` FOREIGN KEY (`Schedule`) REFERENCES `Schedules` (`Date`) ON UPDATE RESTRICT,
  ADD CONSTRAINT `schedulehours_ibfk_2` FOREIGN KEY (`Group`) REFERENCES `Groups` (`ID`) ON UPDATE RESTRICT,
  ADD CONSTRAINT `schedulehours_ibfk_3` FOREIGN KEY (`Subject`) REFERENCES `YearGroupLoadSubjects` (`ID`) ON UPDATE RESTRICT;

--
-- Constraints for table `Schedules`
--
ALTER TABLE `Schedules`
  ADD CONSTRAINT `schedules_ibfk_1` FOREIGN KEY (`Bells`) REFERENCES `BellsSchedules` (`ID`) ON UPDATE RESTRICT;

--
-- Constraints for table `SemesterSchedulePairs`
--
ALTER TABLE `SemesterSchedulePairs`
  ADD CONSTRAINT `semesterschedulepairs_ibfk_1` FOREIGN KEY (`Year`) REFERENCES `SemesterSchedules` (`Year`) ON UPDATE RESTRICT,
  ADD CONSTRAINT `semesterschedulepairs_ibfk_2` FOREIGN KEY (`Semester`) REFERENCES `SemesterSchedules` (`Semester`) ON UPDATE RESTRICT,
  ADD CONSTRAINT `semesterschedulepairs_ibfk_3` FOREIGN KEY (`Load`) REFERENCES `YearGroupLoads` (`ID`) ON UPDATE RESTRICT,
  ADD CONSTRAINT `semesterschedulepairs_ibfk_4` FOREIGN KEY (`Subject`) REFERENCES `YearGroupLoadSubjects` (`ID`) ON UPDATE RESTRICT,
  ADD CONSTRAINT `semesterschedulepairs_ibfk_5` FOREIGN KEY (`Subject2`) REFERENCES `YearGroupLoadSubjects` (`ID`) ON UPDATE RESTRICT;

--
-- Constraints for table `SubjectRoomCategoryRooms`
--
ALTER TABLE `SubjectRoomCategoryRooms`
  ADD CONSTRAINT `subjectroomcategoryrooms_ibfk_1` FOREIGN KEY (`Category`) REFERENCES `SubjectRoomCategories` (`ID`) ON UPDATE RESTRICT,
  ADD CONSTRAINT `subjectroomcategoryrooms_ibfk_2` FOREIGN KEY (`Room`) REFERENCES `Rooms` (`ID`) ON UPDATE RESTRICT;

--
-- Constraints for table `SubjectRoomCategorySubjects`
--
ALTER TABLE `SubjectRoomCategorySubjects`
  ADD CONSTRAINT `subjectroomcategorysubjects_ibfk_1` FOREIGN KEY (`Category`) REFERENCES `SubjectRoomCategories` (`ID`) ON UPDATE RESTRICT,
  ADD CONSTRAINT `subjectroomcategorysubjects_ibfk_2` FOREIGN KEY (`Subject`) REFERENCES `Subjects` (`ID`) ON UPDATE RESTRICT;

--
-- Constraints for table `YearGraphsActivities`
--
ALTER TABLE `YearGraphsActivities`
  ADD CONSTRAINT `yeargraphsactivities_ibfk_1` FOREIGN KEY (`Group`) REFERENCES `Groups` (`ID`) ON UPDATE RESTRICT,
  ADD CONSTRAINT `yeargraphsactivities_ibfk_2` FOREIGN KEY (`Activity`) REFERENCES `Activities` (`ID`) ON UPDATE RESTRICT;

--
-- Constraints for table `YearGroupLoadGroups`
--
ALTER TABLE `YearGroupLoadGroups`
  ADD CONSTRAINT `yeargrouploadgroups_ibfk_1` FOREIGN KEY (`Load`) REFERENCES `YearGroupLoads` (`ID`) ON UPDATE RESTRICT,
  ADD CONSTRAINT `yeargrouploadgroups_ibfk_2` FOREIGN KEY (`Group`) REFERENCES `Groups` (`ID`) ON UPDATE RESTRICT;

--
-- Constraints for table `YearGroupLoadSubjectLecturers`
--
ALTER TABLE `YearGroupLoadSubjectLecturers`
  ADD CONSTRAINT `yeargrouploadsubjectlecturers_ibfk_1` FOREIGN KEY (`Subject`) REFERENCES `YearGroupLoadSubjects` (`ID`) ON UPDATE RESTRICT,
  ADD CONSTRAINT `yeargrouploadsubjectlecturers_ibfk_2` FOREIGN KEY (`Lecturer`) REFERENCES `Lecturers` (`ID`) ON UPDATE RESTRICT;

--
-- Constraints for table `YearGroupLoadSubjects`
--
ALTER TABLE `YearGroupLoadSubjects`
  ADD CONSTRAINT `yeargrouploadsubjects_ibfk_1` FOREIGN KEY (`Load`) REFERENCES `YearGroupLoads` (`ID`) ON UPDATE RESTRICT,
  ADD CONSTRAINT `yeargrouploadsubjects_ibfk_2` FOREIGN KEY (`Subject`) REFERENCES `Subjects` (`ID`) ON UPDATE RESTRICT;
COMMIT;

/*!40101 SET CHARACTER_SET_CLIENT=@OLD_CHARACTER_SET_CLIENT */;
/*!40101 SET CHARACTER_SET_RESULTS=@OLD_CHARACTER_SET_RESULTS */;
/*!40101 SET COLLATION_CONNECTION=@OLD_COLLATION_CONNECTION */;
